pad_id,manufacturer,name,image,safety_score,rank
1,시크릿데이,시크릿데이 샬롯 팬티라이너 롱,https://post-phinf.pstatic.net/MjAyMTAzMjNfMzMg/MDAxNjE2NDk2MDI0NzIz.KfrEO7AEeY1IzoidKIFRA9Dg2LFvRd-Dv7J4Uk33IWkg.GI_QOQZIF8Aqgjek6PUNm6F1xgfd3OjqEpAEKlbu28kg.PNG/image.png?type=w1200,93,67
2,시크릿데이,시크릿데이 울트라슬림 코튼 중형 비,https://post-phinf.pstatic.net/MjAyMTAzMjNfMjQy/MDAxNjE2NDk1NTEzMDk2.xzaeYi10rRhRmJxdwy6rtcibQmNEEd9dDiLxMY4V7rgg.bzpoNOrEirS51tnYe_SxAwEMbRa5JxsyGzxeWHP550Ig.PNG/image.png?type=w1200,-35,146
3,시크릿데이,시크릿데이 울트라슬림 중형 에이,https://post-phinf.pstatic.net/MjAyMTAzMjNfNzEg/MDAxNjE2NDk1MDkwOTk4.R0LhiFxnTt98aFY1_PfiZ1hsRc2UqptcD8coe0qjOpMg.g86pbn7cCQHV1kxkSdUM4fAiMCc56LRMLuLSSzKnPB8g.PNG/image.png?type=w1200,-131,179
4,오씨본,오씨본 울트라슬림 생리대 오버나이트,https://post-phinf.pstatic.net/MjAyMTAzMjNfNjUg/MDAxNjE2NDk0NjczMDU5.t6w3hBZv3cKoC6witiob5U22D2ZqK_D-6Cu0PdINaPQg.g4onaD70mxXkYlk7TPziRXX_mIxT-EcZmsfFEZjgcfcg.PNG/image.png?type=w1200,-224,217
5,오씨본,오씨본 울트라슬림 생리대 대형,https://post-phinf.pstatic.net/MjAyMTAzMjNfMjQ0/MDAxNjE2NDg0NjYzNzc2.kKZCYGUeQfc9qUVPL_h8R-_G3RDZqBjl3QGpxGL_bjog.Q6ko3sVX5lZ7a7mZ2Wern8hBya1yB6ExBSdA_yxhu4Qg.PNG/image.png?type=w1200,-443,279
6,오씨본,오씨본 울트라슬림 생리대 중형,https://post-phinf.pstatic.net/MjAyMTAzMjNfMjY3/MDAxNjE2NDg0MjQwNTA0.VXn1bMgZkgLhX_BDpATiThItvrG5N_G5RY8i-zIFgwMg.-jbaLnHkrsWf1MpJOydiwnmwIhNyA05pgChYsPYog28g.PNG/image.png?type=w1200,-185,196
7,르프레시,르프레시 중형 날개,https://post-phinf.pstatic.net/MjAyMTAzMjNfNTAg/MDAxNjE2NDgzNDM0ODc3.bBgYYra2ysCgu0H8pCRLmXQA_OiLtNW-Kzg0Wt1I-kYg.mcnYuaRIB39pS4PM5nCbEGdCYNxPh1M28rt2iVQlptsg.PNG/image.png?type=w1200,-82,166
8,라엘,라엘 중형,https://post-phinf.pstatic.net/MjAyMTAzMjNfNzUg/MDAxNjE2NDgzMDIwMzA1.NU_4bNqXQ7m4JhdsZCyPZfXalLIAg4okk-1BarvzF1sg.ojDuW7U1LACTr01yP2lGnL06e7qn1RvbsFaGG9qucEog.PNG/image.png?type=w1200,-399,264
9,잇츠미슬림,잇츠미슬림 중형,https://post-phinf.pstatic.net/MjAyMTAzMjNfMTI4/MDAxNjE2NDgyNTEwMDIz.JBLEIrvD85mFzUcASTTVc7Y1OT6-uB0bQzrQzMIjrrAg.GVoJwLfrCpjbVAlIvVSkciHGMPEM1orkDulOjPtFr20g.PNG/image.png?type=w1200,-53,151
10,네오시스,네오시스 순면이좋은날 울트라슬림 중형,https://post-phinf.pstatic.net/MjAyMTAzMjNfMTEg/MDAxNjE2NDgwMjEwOTAw.-yhVX4T1YQcIF_xEP4T-7TMxygyYiAKGAmmW1NTkTYEg.ZqkK6T8g-jkLfegheg84m-EqLHooQAxdofmuP4AtTRMg.PNG/image.png?type=w1200,116,52
11,네오시스,네오시스 순면이좋은날 울트라슬림 팬티라이너 롱,https://post-phinf.pstatic.net/MjAyMTAzMjNfOSAg/MDAxNjE2NDc5ODEwMzAx.65yciFKHT6aqC_C1qUXPlspAP64qLDZ6TS5vizi_6TQg.MpnDT7hHhz1nTBDnYhdreH89WHDUf3r0Eb6o2x5z5hwg.PNG/image.png?type=w1200,112,58
12,네오시스,네오시스 소프트앤퀵 슈퍼울트라슬림 중형,https://post-phinf.pstatic.net/MjAyMTAzMjNfMjA4/MDAxNjE2NDc5NTA4Mzc1.YznxoyCbnaz7JzVB-RMOKY-ANTkbSNrxkAF9ZGpota4g.MIUbEeHd-TtFT5Ug1R6P_eDxKwxKcu3MbvaoCmwqoNYg.PNG/image.png?type=w1200,103,63
13,디어스킨,디어스킨 울트라슬림 중형 날개형,https://post-phinf.pstatic.net/MjAyMTAzMjNfNzkg/MDAxNjE2NDc4NTAwNjYw.dD0KxKhP79AHTQzqtxkuYa2lBOiDLmrWiIYcSnsYTuAg.mdTX_-l2K8xyE2DSdN08UbShc9wOYgW-pxDA1qSR_Dgg.PNG/image.png?type=w1200,79,85
14,디어스킨,디어스킨 팬티라이너 슈퍼롱,https://post-phinf.pstatic.net/MjAyMTAzMjNfMTE1/MDAxNjE2NDc4MjE3ODE4.IbK9sbPvQEESaQ9ksCuImIuoEGneKHZjke1kJohZcWgg.4FcKVKrflbOhELZLxF1tXu08Mbe1ZGbKScQGs9CIEWIg.PNG/image.png?type=w1200,93,67
15,더건강한,더건강한 순수한면 팬티라이너 슈퍼롱,https://post-phinf.pstatic.net/MjAyMTAzMjNfODcg/MDAxNjE2NDc3OTEwNjU1.l80Ok1G1TQRNZvzMxYE0BNdeTOz7daYI8lWz-7qCrRMg.B3Fl_YwQJHtYsZRcsSr6iK8bizK50WLaiBbh1qLjhKUg.PNG/image.png?type=w1200,118,48
16,메이앤준,메이앤준 입는 오버나이트,https://post-phinf.pstatic.net/MjAyMTAzMjNfMTUw/MDAxNjE2NDc0NzU1NjUy.yNlMa86Uag1Wx82px7vKQNSV1bwtGK8vDUyARX10Txcg.lK4FcCTCr7BUKHaegcnr0ugOtZanhWtnUA-444i_fN0g.PNG/image.png?type=w1200,-652,320
17,건강한,건강한 순수한면 울트라슬림 중형 날개형,https://post-phinf.pstatic.net/MjAyMTAzMjNfNzEg/MDAxNjE2NDc0NDc2NTgx.it5oe9gqNbeyb27Ft38KV6XIuJL4uDWrQxTfu521uSwg.WXkBD2x38_uf6SdWnf2OFHFIXfSC8CB3ZbXgz5S4DKwg.PNG/image.png?type=w1200,30,125
18,더,더 건강한 순수한면 팬티라이너 코튼향 슈퍼롱,https://post-phinf.pstatic.net/MjAyMTAzMjNfMTE2/MDAxNjE2NDc0MDc1ODIy.SIafi09_gsAIaF_TdeZX15v71NQzf1A-mb-hCqc-dj4g.f9_c6JcQqrf_iXNmp242r9FwdzbWOch18SRvHfhHymkg.PNG/image.png?type=w1200,83,79
19,순수한면,순수한면 제로 팬티라이너 슈퍼롱,https://post-phinf.pstatic.net/MjAyMTAzMjNfMjcw/MDAxNjE2NDczNzcxODg0.MxUh4ceH7eqKAVHxXRNZWWAtIECs2uBRtlS9w6ox0Zwg.T448fBUed8u_Vx1pGKqDvZN1dbR_NEVndGngr3UeB1Ug.PNG/image.png?type=w1200,104,62
20,순수한면,순수한면 팬티라이너 슈퍼롱,https://post-phinf.pstatic.net/MjAyMTAzMjNfNiAg/MDAxNjE2NDcyOTY4NDky.Y5_J8d6-KK76HWEjsG_YBn6z3fqGghMDQtlk6rBueJgg.661RKgsUjKpl4bitB4RCgteb-d-5zy3Bw2zlmQ7AGuwg.PNG/image.png?type=w1200,87,75
21,순수한면,순수한면 제로 울트라슬림 중형 날개형,https://post-phinf.pstatic.net/MjAyMTAzMjNfMTc2/MDAxNjE2NDcyNDAwODQ3.qbEXYgf1Wa25tkALBbOkvF-wWb6jdR2NzcLSTecPwZkg.qrVfzfMtpz0_InyUZ2OyzoZnBUeMIXtzehoRHFpV1p8g.PNG/image.png?type=w1200,36,118
22,순수한면,순수한면 울트라 슈퍼가드 중형 날개형,https://post-phinf.pstatic.net/MjAyMTAzMjNfNjAg/MDAxNjE2NDcyMDU1Nzc5.KeGqus_8Wg93EZnnqcnzilGXODbVLn9ZriJIlqj6pjAg.XioVbylfBCXKXE-6zpLzxXBg9fubJnK-XXnV_MItkLsg.PNG/image.png?type=w1200,-722,328
23,쏘피,쏘피 한결 팬티라이너 일반,https://post-phinf.pstatic.net/MjAyMTAzMjJfMTUy/MDAxNjE2NDIxODU4MTA1.jQ2HV6d-rRl--VdvRMFOTD5UhVrFU52diGYPq3Rj7d4g.aedkniQN-F7-OYvoungBn16jZmOobQDgPkVF_ab4docg.PNG/image.png?type=w1200,-181,193
24,쏘피,쏘피 순면커버 팬티라이너 일반,https://post-phinf.pstatic.net/MjAyMTAzMjJfNjEg/MDAxNjE2NDIxNDY4Mzc1.jC_syMQpVab6vlbkcE-k2CHGyTTMJjA7kv-NJlT7H9gg.jUgrkWopi3chnx271K4MekLaHr5fQtZ_ickgajkm-rAg.PNG/image.png?type=w1200,89,74
25,쏘피,쏘피 귀애랑 팬티라이너 일반,https://post-phinf.pstatic.net/MjAyMTAzMjJfMTEy/MDAxNjE2NDIxMTIzNzgw.8vXBG_rd0PbYW5D4NylC3KveEeVqOelkNEPm903yKOEg.nj8QwDorDxEyqmsK8uVYgdE05vqQgihuWEuWEz7ctvgg.PNG/image.png?type=w1200,58,101
26,쏘피,쏘피 내몸에 순한면 팬티라이너 일반,https://post-phinf.pstatic.net/MjAyMTAzMjJfNyAg/MDAxNjE2NDIwNjY2MTUy.QYqfFWth1JatZMtCeEsl3Ta6bpE58j71TG_ABmZwh-Mg.Ozx0dydL6T3VAOIwvcWUFAQRr8tNCsYrXaJUI6Vpw5og.PNG/image.png?type=w1200,76,90
27,쏘피,쏘피 바디피트 천연코튼 팬티라이너 일반,https://post-phinf.pstatic.net/MjAyMTAzMjJfMjAw/MDAxNjE2NDIwMzA4NzA0.8sjHwm_1Ic6NDbc8tvMoxt0tbLEePOnbTLoYhJk3kzEg.sYOqluujTLyzrOEmdpNNBAzV1duf5zo_SZhVL46O4kAg.PNG/image.png?type=w1200,58,101
28,쏘피,쏘피 바디피트 천연코튼 팬티라이너 일반 라벤더,https://post-phinf.pstatic.net/MjAyMTAzMjJfODYg/MDAxNjE2NDE5NzAzOTQw.qw4efPG-DxtfWofwzIvQ_Eznb-fM-LlWoStTE_bPb6Eg.iiPJJ0zmIofO9GE8IGlIL_FCEtyYjJQS1QRYtrGg1Y4g.PNG/image.png?type=w1200,-251,224
29,라베르플랑,라베르플랑 중형,https://post-phinf.pstatic.net/MjAyMTAzMjJfMTU0/MDAxNjE2NDE5NDAyMjEz.sfJrHDlXHVP5zdrgsqPww7ap3FWlp3FbuHcfU704LHkg.NzytjbS6D7fhoFfRUTys9HJdQeInhVCyJvOnfcgB9-gg.PNG/image.png?type=w1200,72,93
30,쏘피,쏘피 바디피트 순간흡수 중형,https://post-phinf.pstatic.net/MjAyMTAzMjJfMjU1/MDAxNjE2NDE5MTQ3ODIy.GEgoaYblM-21pDBemn58jYenrauYuKXqyz2CA-Lblncg.hzlMQpyCA-9XAABNh9pwrGKVJ5Mxd2kpDnMtH6dxAYAg.PNG/image.png?type=w1200,91,71
31,쏘피,쏘피 순면커버 중형,https://post-phinf.pstatic.net/MjAyMTAzMjJfMjg1/MDAxNjE2NDE4ODY0NzEw.t7dKpfKr0noWrSmOGWn5YplutdnSRYCAh-9_jmFdgqUg.8QEacVtmSBCAjAhxbTZR4Tq73hMniGRuPS7UxLQe5NIg.PNG/image.png?type=w1200,84,78
32,쏘피,쏘피 내몸에 순한면 중형,https://post-phinf.pstatic.net/MjAyMTAzMjJfNjUg/MDAxNjE2NDE4NDcxMDQ5.KHDrsL1lURPpcsIB5oHpC75bb5_w7CzXgoV-yMh1Qskg.0xOQFWBXJgeuS1raUYrt03M0S18N-YCmbpFH7nMGzKog.PNG/image.png?type=w1200,42,114
33,쏘피,쏘피 한결 중형,https://post-phinf.pstatic.net/MjAyMTAzMjJfMjI4/MDAxNjE2NDE4MTY1ODQy.PX0X38LACxFufVig6flavAzGGFP4Jxg-2YVWRev4o3Mg.hC_zys-SkhFzW7CMN6_GwyruIJK54NHg5VXf7wAKqQMg.PNG/image.png?type=w1200,77,87
34,쏘피,쏘피 귀애랑 중형,https://post-phinf.pstatic.net/MjAyMTAzMjJfOTYg/MDAxNjE2NDE3NzMxMDE2.Mz_svnq2KJ4G3MJCe9E7zmgmeQbUdNjNE5ivcRMEIvQg.TksgvT_a_gY26v6xz5lpILR-mHKMn-qfAq1r9FstG1Yg.PNG/image.png?type=w1200,60,100
35,쏘피,쏘피 바디피트 볼록맞춤 중형,https://post-phinf.pstatic.net/MjAyMTAzMjJfMjI2/MDAxNjE2NDE3MjM4NzM4.js66Ar8m1IZrnyOrJ-O23ooo89hwuQ5_Ck7lk_RTdq0g.XKvY9IybGeQJHrGx1tvT1H_u3IZkKIzauv4FrDteFasg.PNG/image.png?type=w1200,-11,138
36,화이트,화이트 가든프레시 데일리라이너 일반,https://post-phinf.pstatic.net/MjAyMTAzMjJfMTIz/MDAxNjE2NDE2Mzg2MjAy.DNtE_2IFyTnUidD15R35PqqS_a04HXyOsBYgj6CbgU8g.lVWznb3C2ddSY5AtOv-MY1erkjGQA40BM3Z3MJrRrVQg.PNG/image.png?type=w1200,-11,138
37,좋은느낌,좋은느낌 유 데일리 라이너 일반,https://post-phinf.pstatic.net/MjAyMTAzMjJfMiAg/MDAxNjE2NDE1NDY2NjY5.iuRlYOxxcu190FB8DNhKqpN1cxG4HbnnbpsIesWvGBYg.kREogH69mIbCsPyPTTIEDy3Qu9fYL9Nr1OtVO5_Jdpsg.PNG/image.png?type=w1200,47,111
38,라네이처,라네이처 시그니처 팬티라이너 롱,https://post-phinf.pstatic.net/MjAyMTAzMjJfMTg3/MDAxNjE2NDE0OTk0MDM3.rBUhDvdPft2wMB8LlXmHn1zSRsyUTgvwHEBScatMrdMg.eQ6OmN972PW42TFOJeDapjEAXMUCc2sOZRDydPLUmdsg.PNG/image.png?type=w1200,-334,241
39,화이트,화이트 데일리라이너 일반,https://post-phinf.pstatic.net/MjAyMTAzMjJfMTg1/MDAxNjE2NDE0NzIzMzM5.1OTw4GDZWCRMNfIiH3-zMVIOwoOu3xo5tl3ulPucDkgg.DqwwHLqifsufTU1RPromHIQnB9naw2611tT7USkpCY8g.PNG/image.png?type=w1200,183,1
40,좋은느낌,좋은느낌 좋은순면 데일리라이너 일반,https://post-phinf.pstatic.net/MjAyMTAzMjJfMTIy/MDAxNjE2NDE0MzcwNTE4.-cgKkHESwIq4X0YOrBrVZtGlGdA1tuDxAXdQTK-fVGIg.Ke0bodKxOskfOT7uDgZbcL_SYZHMzovmA7CfKenKAJsg.PNG/image.png?type=w1200,174,2
41,좋은느낌,좋은느낌 순수 데일리라이너 일반,https://post-phinf.pstatic.net/MjAyMTAzMjJfMTU2/MDAxNjE2NDE0MDI3OTA5.ZjAa4DYJ6OKFTc9xpQnTDolwn3Z5Fk6C5UChzPzBeXkg.nDcz3rZZWVT3HIHeLjSD7J17RjR4fkvbKwH1XR-6388g.PNG/image.png?type=w1200,160,4
42,화이트,화이트 에코프레시 데오 울트라슬림 중형 날개형,https://post-phinf.pstatic.net/MjAyMTAzMjJfMzMg/MDAxNjE2NDEzNjQ3OTU3.CiRiiWtpQnAL7zmsUHc3Bxp43KTV5iKVpAYuiXr8XLIg.MUYuJ5tXBnj0T1q1onkP7KmVfAti7AGlzC5thynGtecg.PNG/image.png?type=w1200,-79,163
43,화이트,화이트 에코프레시 맥시슬림 중형 날개형,https://post-phinf.pstatic.net/MjAyMTAzMjJfMjg3/MDAxNjE2NDEzMDY3OTMw.4uv_NlH3ANSYzrxH7L-CZSUNKZ4RlI8whjQRnSPrZRYg.Ua_Ct4J7lRmGvBzrGSc_GE4vgK326M-QgQMCGtDnAVAg.PNG/image.png?type=w1200,-120,177
44,라네이처,라네이처 시그니처 울트라 중형 날개형 뉴,https://post-phinf.pstatic.net/MjAyMTAzMjJfNzQg/MDAxNjE2NDEyNTgzODk4.F-FpTrzOHbLkMySLRzhBjlQBoojvN0-5Wg_P-2LIp-Ug.O1bAcoapW65zfb629KlMtLggGhr3x_dcoz3v0CJjKhUg.PNG/image.png?type=w1200,-1036,353
45,화이트,화이트 에코프레시 뉴 울트라슬림 중형 날개형,https://post-phinf.pstatic.net/MjAyMTAzMjJfMjk4/MDAxNjE2NDExOTA1NDQ3.9hKxnLhLpr9GNgIju4xVhrGQtCDLAmAbJ7jaoc1wOuEg.akQz_poLXoTPuFx1GtHN58heLMyHnbRdzVpVvP9UBBkg.PNG/image.png?type=w1200,62,99
46,좋은느낌,좋은느낌 유 맥시슬림 중형 날개형 원,https://post-phinf.pstatic.net/MjAyMTAzMjJfMTM4/MDAxNjE2NDExNTAxMDM5.2-0iLk1wG96UOh9YfStBRessV1AbB6toQigaFR2oTsgg.Bj7Dnm2JMPRCbYv4lUOHpxlHm7JQZtc2pTnYp1TziWAg.PNG/image.png?type=w1200,39,115
47,화이트,화이트 시크릿홀 맥시슬림 중형 날개형 뉴,https://post-phinf.pstatic.net/MjAyMTAzMjJfMTky/MDAxNjE2NDExMjM0MjM5.Wuf11BzhYOz8dO4eg-nJmb1DFvY_XLIQJwtUpuvJXp8g.lDEfzPCd0tOrMrGd_pSbaFJODOGG_oKUrL0Cppy22v8g.PNG/image.png?type=w1200,133,25
48,화이트,화이트 시크릿홀 울트라슬림 중형 날개형 뉴,https://post-phinf.pstatic.net/MjAyMTAzMjJfMTIw/MDAxNjE2NDEwOTQ1NjMz.sG0Jc-tuRl-swzSf7nAYJA8xuszZAngH1mADrlnvl7kg.Zh24r7QnZhrwG0r3mSrwLW2Pir4Es0Hun_NlF7CIxYsg.PNG/image.png?type=w1200,125,36
49,코텍스,코텍스 좋은느낌 순수2 울트라중형 날개형 비씨,https://post-phinf.pstatic.net/MjAyMTAzMjJfMTY3/MDAxNjE2NDEwNTcxNDc0.0eZL-lbFsm_eC-716MFQjB2hTIOGEZcGzcIXMA7u1TIg.1WCtoFQPyH5H6phaW9HM4s7Op0YRH3vVC4RmpzZ78BIg.PNG/image.png?type=w1200,142,18
50,좋은느낌,좋은느낌 유 울트라슬림 중형 날개형 원,https://post-phinf.pstatic.net/MjAyMTAzMjJfMTUx/MDAxNjE2NDEwMTQwODc1.MwKdYhWGr5cHeasv_rj4aOYM52rQ2Z0GBZGwAXAXHTQg.3utpV1OlDuILz4f3-0e8YqjHxqv5774ek5upcO8J0cQg.PNG/image.png?type=w1200,-2049,401
51,좋은느낌,좋은느낌 맥시슬림 중형 날개형 원,https://post-phinf.pstatic.net/MjAyMTAzMjJfMjU4/MDAxNjE2NDA5NzgzODY4.TpfZA453JSPVoqGBiyW1okc7um3JHUGP6Dh-w4swT8og.EAu82iADV_qOQg5qCHQVsoAq3HV92bCDbxD6wB-Gw6cg.PNG/image.png?type=w1200,8,134
52,좋은느낌,좋은느낌 울트라슬림 중형 날개형 원,https://post-phinf.pstatic.net/MjAyMTAzMjJfMTY2/MDAxNjE2NDA5NDM3MTQw.PXeGPoqMi1B-bgdSID7n1fyBDHJn3eFIyE6me2XJkDAg.3wyr5KaRZYTWzti7cDoc_dc-B5htnyMFOq_KPENVstsg.PNG/image.png?type=w1200,83,79
53,좋은느낌,좋은느낌 유 린넨 울트라슬림 중형 날개형 원,https://post-phinf.pstatic.net/MjAyMTAzMjJfMjYw/MDAxNjE2NDA5MDk3MTg0.GRwdC2tcCBj_69nU4oLpfGPm0IyDA7HCfzq5vdedxagg.VoA9qw1mKm0-61rrUJd3SrX_jVd1SGOhKvtnPp8yjssg.PNG/image.png?type=w1200,135,23
54,좋은느낌,좋은느낌 좋은순면 맥시 슬림 중형 날개형 원,https://post-phinf.pstatic.net/MjAyMTAzMjJfNCAg/MDAxNjE2NDA4NzQxNzAw.gPjpgB1yW4ark0uVsdd4YtJuHZe_tASP8IZr625U9Esg.sW967QJ5s5tSURDaJxB8PQy690HAP1CH3kK9XR28i60g.PNG/image.png?type=w1200,11,133
55,좋은느낌,좋은느낌 좋은순면 울트라슬림 중형 날개형 원,https://post-phinf.pstatic.net/MjAyMTAzMjJfMTI5/MDAxNjE2NDA4MzQzNTM3.J1Drb8j2RAQ_xcEaPkymJ7TM2csk6e28xCcRCsMve7Ig.7zmXXFAL-YfZ0HHiyuALmMvCERsKd6EQC_RoW1lgjE0g.PNG/image.png?type=w1200,121,42
56,순슬림,순슬림 중형,https://post-phinf.pstatic.net/MjAyMTAzMjJfMjg1/MDAxNjE2NDA3Nzg2MDM4.f1IiuHcyoqvl-IpLvuqDgYyg0ce8WjYTXwz-5lFgYRIg.uXt6LrNZn2OF3nDYNoOY7VzR-DKmasdOWNCbU0uftQsg.PNG/image.png?type=w1200,119,46
57,그날엔,그날엔 순면 중형,https://post-phinf.pstatic.net/MjAyMTAzMjJfMTQ0/MDAxNjE2NDA3NTIxMDY4.9C6u7BCPrpzQdgw_Of7NiHWwY37M3jMa9rKOD8RX4P4g.USUqrw4RDvl5XaKJJD6M37jBy2B7um0nK_VdsAPeiyAg.PNG/image.png?type=w1200,118,48
58,예지미인,예지미인 윤슬 팬티라이너 롱,https://post-phinf.pstatic.net/MjAyMTAzMjJfMjgw/MDAxNjE2NDA3MTc1OTkz.RbAsqeY_pjWP_lxqXG1AJUcSkQuZkaI81JON4OGXoeUg.kTu9fgBlMrw-S_RbKtNwpZNBZ9tf1Nl6W9sn9IvzpUwg.PNG/image.png?type=w1200,134,24
59,숲속이야기,숲속이야기 팬티라이너 롱,https://post-phinf.pstatic.net/MjAyMTAzMjJfMTQy/MDAxNjE2NDA2ODQzOTcw.kWCmreUicsCtLEFy7CATShaKH7d9bi5E1XB-NzboA0sg.Yd10OChGEl_i2TBJcCrr0NYmwBFgu8rPYNFNIEx88OYg.PNG/image.png?type=w1200,142,18
60,그날엔,그날엔 순면 팬티라이너 롱,https://post-phinf.pstatic.net/MjAyMTAzMjJfNzYg/MDAxNjE2NDA2MzgwNzAx.FM81sQQWQozZGFrQJlGrZz3PDfx3FanQhy4tIlGmwKEg.JmZNEC4jSGeXnGu6El7R6teQzg0o_Vf6_ibTMsDoc9kg.PNG/image.png?type=w1200,35,120
61,예지미인,예지미인 윤슬 순한 중형,https://post-phinf.pstatic.net/MjAyMTAzMjJfMjQx/MDAxNjE2NDA2MDQyMzcz.-RPljU40lAbtXKAKwYOsi2Z6iT8JmPY8Gw2jl_HALVwg.uf8ZBu7t8BO5zZuVJ3CRHC9_Ycj8wMraYCCs8gwwz24g.PNG/image.png?type=w1200,-81,165
62,숲속이야기,숲속이야기 중형,https://post-phinf.pstatic.net/MjAyMTAzMjJfMjI1/MDAxNjE2NDA1NDgyNTc1.FH_BKYA5T3PztSiHf-wb8A7yvSJ1kxBqslOce45gO_og.10wQmBfHGVhSZGiTtQnB1K-QyzGCDvJ9Qp58K91kFmMg.PNG/image.png?type=w1200,114,56
63,네띠,네띠 나이트 날개형 대형,https://post-phinf.pstatic.net/MjAyMTAzMTRfMTMz/MDAxNjE1NjU0MjAyNjc5.nMNu0CCB1HlUp78L0SasPSX9yfHZOMZs_KxivOoFp7Qg.f-hnvtImyoCd5j4XrWK77gB0CBwL5UJHXgAAOOCio1gg.PNG/image.png?type=w1200,-219,214
64,클라우드,클라우드 나인 네이처 대형 날개형,https://post-phinf.pstatic.net/MjAyMTAzMTFfMjUx/MDAxNjE1NDI3MTE5NTIz.z8A3kaN_ogrijgX8kQoOniSEzjx6hKE-S7YPJMj7iyMg.1rWtgNXGBwW9WYjbgVqSalRk3uZoMAgWXXSgd4WaeB4g.PNG/image.png?type=w1200,-936,344
65,누르,누르 오버나이트 날개형,https://post-phinf.pstatic.net/MjAyMTAzMTFfMTA0/MDAxNjE1NDI2NTQ1MzMz.3Ir3P2m_szY9lUw9lPpXLX0IpD63uY0IylqX13Ai2jog.YIxWw3nmnMpZtcVHJOJbdCKfl5EgXZaHgjDDZOubkjIg.PNG/image.png?type=w1200,-384,258
66,데이앤졸리,데이앤졸리 울트라슬림 대형 날개형,https://post-phinf.pstatic.net/MjAyMTAzMTFfMzkg/MDAxNjE1NDI2MDU1MjAy.ZpcZBBlDP97AmfbVjVt56dWwPkF4uUQPlZjPhAAkKYMg.1V8_BH5ACN_UXrq-M6ej1-7EwaPv076327qGnyLIvfQg.PNG/image.png?type=w1200,-83951,440
67,허브랑,허브랑 목화랑 울트라슬림 오버나이트,https://post-phinf.pstatic.net/MjAyMTAzMTFfMTYz/MDAxNjE1NDI1NzA4MDk0.c7uNsGv9kB7BZYbEFp07JDyFRy-sVhLZyNp8PrGINoMg.Ttq5yEOoJh2SezbHkUOmu_EOCwlWnMHhFH4thXBqUnAg.PNG/image.png?type=w1200,-4189,423
68,와우,와우 프리미엄 슬림날개형 슈퍼롱,https://post-phinf.pstatic.net/MjAyMTAzMTFfMjI3/MDAxNjE1NDI1NDAzNjE0.fTijAvbHvnNMB7bC9Pc5JnxcukgMNq2T23j0aelbYzQg.b9w8rk2iP6Y85wSTY7LWvi9Ue_5KJKH8Ty_FcmYuOD8g.PNG/image.png?type=w1200,-916,343
69,리얼오,리얼오 대형 날개형,https://post-phinf.pstatic.net/MjAyMTAzMTFfMjQz/MDAxNjE1NDI1MTEwNzYy.4w_An8WpTA8EmCQ567U3HqiswCX1al5UPe7m4drgWiUg.VenFHXOsJjiQPbZFljTMLJoAAFH4DeKt3EvZOzVoPrYg.PNG/image.png?type=w1200,-623,317
70,레이디네이처,레이디네이처 생리대 (나이트패드),https://post-phinf.pstatic.net/MjAyMTAzMTFfNzgg/MDAxNjE1NDI0NjY5ODQw.Wh2r90-1Za6KOcr2VnSkqWBSus3GRpAE2KVyUwDoEt8g.TseSk5NE6qcM0oKWx0WGdpMecDMAFPAJIuKEsDyOMyEg.PNG/image.png?type=w1200,-768,333
71,리얼오,리얼오 중형 날개형,https://post-phinf.pstatic.net/MjAyMTAzMTFfMTY4/MDAxNjE1NDI0MDEyMDIx.yPPITKvQ6Su-_SkkKfbgsBDOnF8UuWvtA-tgzpDDIhUg.8TDAgdeV-wRtK79yRtyPpo4N_JnRPFG7RhN0QU1yFTwg.PNG/image.png?type=w1200,-376,257
72,리얼오,리얼오 오버나이트 날개형,https://post-phinf.pstatic.net/MjAyMTAzMTFfNTUg/MDAxNjE1NDIzNjkwNzEy.dlvoP8yOqaRlyvtl3FZM91vEoHqWwJkSNNFmH99MB5cg.5gNaHcO5JIxoyUAYGy_6cRZCCNzyVfFIWciYGeYyxgog.PNG/image.png?type=w1200,-606,312
73,아임오,아임오 뉴 울트라슬림 오버나이트,https://post-phinf.pstatic.net/MjAyMTAzMTBfMjAw/MDAxNjE1Mzg0ODc3MzA5.lgUKKHTBKONUYJwQZeLO4muTHaNdz3ZBGRufOMNS81Ug.-OEJpyQ9KYKrkhnnZgHfdowqU5sNB9O5PoxpZFg8OLIg.PNG/image.png?type=w1200,-219,214
74,리버티,리버티 오가네이처 중형,https://post-phinf.pstatic.net/MjAyMTAzMTBfMTM5/MDAxNjE1Mzg0NTQ1NTA2.yY50TuiHUorncDSi_kZw6ZLXug4q43zCBZQwPnyTNFsg.YdVDrVwX2S-DQ5a8BXMQLT4d0xHKnF3qSYUHG1BE430g.PNG/image.png?type=w1200,-129,178
75,천사맘,천사맘 면 날개형 생리대 (오버나이트),https://post-phinf.pstatic.net/MjAyMTAzMTBfNjIg/MDAxNjE1Mzg0MDU1MTE5.b7MUw0RlA5-8ODAVJ86V2OZcEQdjRrb3qnEwdToIOPMg.qBBEDgS2AKN2kmPhamKXlrgp8KiF_a3WPVOWxGe5N-4g.PNG/image.png?type=w1200,-4025,422
76,리버티,리버티 오가네이처 오버나이트,https://post-phinf.pstatic.net/MjAyMTAzMTBfMTcy/MDAxNjE1MzgzNzQ4OTY0.vp45YDj4M13ilkYQdoRVXDDisELacreTHcM5EmjgHkkg.w8K_ttHuKn-fKIrTX-RMCLv5mRoThfP8I9jWrjip3Xsg.PNG/image.png?type=w1200,-339,244
77,자연느낌,자연느낌 골드 울트라슬림 날개형 대형,https://post-phinf.pstatic.net/MjAyMTAzMTBfMTE4/MDAxNjE1MzgzMzQ3Mzc3.L4yRwrGMpxTPYGeSU01yg-4PHmJji-ecjbDMBYn35Kgg.NenAmkU2Q-T0rPaGn5Hai0ky4uAkxf_8lZ9B9c3yLXIg.PNG/image.png?type=w1200,-321,239
78,로한,로한 플라워 면생리대 (슬림),https://post-phinf.pstatic.net/MjAyMTAzMTBfMTU3/MDAxNjE1MzgzMDA2NzE5.0sQbdkBqSIiHG-tBXz5ue4uHJv4terpTJLIciz_j0dcg.LSaX6aI-eQfTCuHYSK7IZFtDE6hKE2lq2NtORD-fVEgg.PNG/image.png?type=w1200,-334,241
79,닥터와이,닥터와이 레이디버그 중형 날개형,https://post-phinf.pstatic.net/MjAyMTAzMTBfMTY3/MDAxNjE1MzgyNDQ0ODIw.4uTtWEikmR1u-fwN6u6jxL-LGXSe51JQIDSiXTdlJ9Ug.DiN-gJ2XfwdAW556XbGCqJGrVkbxYB-ZnIYcUutk1Osg.PNG/image.png?type=w1200,-10436,438
80,수비,수비 울트라씬 중형,https://post-phinf.pstatic.net/MjAyMTAzMTBfMTMz/MDAxNjE1MzgyMDI5ODcz.dXA3ULJ28V40GbUpu7DjXfJv1-ysMkxh31Mj7YLBHlAg.zNCEDXx8fAdPIatS0txot9PAZ-wokGqkAcjDaDiCxmog.PNG/image.png?type=w1200,-283,234
81,와우순면,와우순면 슬림 슈퍼롱,https://post-phinf.pstatic.net/MjAyMTAzMTBfMjkw/MDAxNjE1MzgxMzEzMjY2.IrDX7vQOJWdwEtZFyiKdV_ynW-q8ai1RtwiVmCqdYsgg.L6vmxyeLJl2G9rZmqg0RbiWBqinDOJjLVTAiHRtguxcg.PNG/image.png?type=w1200,-773,334
82,내츄럴코튼,내츄럴코튼 시그니처슬림 중형,https://post-phinf.pstatic.net/MjAyMTAzMTBfMTk2/MDAxNjE1MzgwOTEzOTQw.mNjoemysVeD1hR65jYR0FBUiBgP3A_7GeFfcNx_7aqcg.ORYMcA9AkQ6ilS_pgMdlG2R2ibykcj2LfZS0vT0b60Ig.PNG/image.png?type=w1200,30,125
83,자연느낌,자연느낌 순수 울트라슬림 날개형 중형,https://post-phinf.pstatic.net/MjAyMTAzMTBfMTY4/MDAxNjE1MzgwNTk4MjA3.M7gAl5RcLXcBJPaOCyyYNOZD3rzsEtNGABf2E5Mr9k4g.jXmUvmQcIB2acmmlyY69Ow0jWX54MwEgQcloEHHW83sg.PNG/image.png?type=w1200,38,116
84,수비,수비 울트라씬 대형,https://post-phinf.pstatic.net/MjAyMTAzMTBfMTI4/MDAxNjE1MzgwMjE5MzM0.km0KLmiJq5AaJuDStO1fUpkcGDnBqkhrwrGyrWI8x8kg.YvzOfoIaUsoLZpXmVKX6zb2A96-JyEqbmqM9hlBbN4Mg.PNG/image.png?type=w1200,-403,266
85,자연느낌,자연느낌 순수 울트라슬림 날개형 대형,https://post-phinf.pstatic.net/MjAyMTAzMTBfMjc5/MDAxNjE1Mzc5OTM2MTI5.XSt87VQ96DY7xLWUjcgyxJ2SkY5xANR9wglsD5E-BzIg.K2AiokLdlGEvLa4YoXXvNIQk98HJ0gCcZD2prWN3IVQg.PNG/image.png?type=w1200,119,46
86,면달셋,면달셋 큐티 면생리대 중형,https://post-phinf.pstatic.net/MjAyMTAzMTBfMjE0/MDAxNjE1Mzc5NzE3OTk4.fYElYVy7ijJOHikylvYe_gIYlfXWWOgv9XGeZsx17xEg.DTGEL7KEAcAyMF-otLkcmA4GaLJYd2ost0Mi8oy7ZjMg.PNG/image.png?type=w1200,31,123
87,이채,이채 쑥염색 일체형 면생리대(라지),https://post-phinf.pstatic.net/MjAyMTAzMTBfMjY1/MDAxNjE1Mzc5MjQ2MzQ3.HjFmMrtuXM4mSozFS6zFh6_yRnqs4BGVrKjklVVXWtkg.1t2_ICzymKC6GctM_qaM0-rY8msZHydTJ-GhhGBlyvUg.PNG/image.png?type=w1200,-400,265
88,엘리스,엘리스 아침까지 초안심 날개형 롱 오버나이트,https://post-phinf.pstatic.net/MjAyMTAzMTBfMTc2/MDAxNjE1MzYxMjY3Mzc3.Mvy-fEwxKqd00LBiQNTZnr2wAykIubXwtAtRxEeQP7Eg.dDeP6uUyt9ovwcL4hZrmSUC51erLz_neSBfnaxGRRMMg.PNG/image.png?type=w1200,-218,213
89,엘리스,엘리스 아침까지 초안심 날개형 슈퍼롱 오버나이트,https://post-phinf.pstatic.net/MjAyMTAzMTBfODQg/MDAxNjE1MzYwNjI4MDg2.dlIaysxYrYNHc57WRYpa4LwvxHkh6Ad_fvBCaaNtFeYg.ZE2xWoTE_Pp5sxedAwBFb7FSzzzQEYXB6GPpCPieqTIg.PNG/image.png?type=w1200,-490,290
90,엘리스,엘리스 컴팩트가드 날개형 슬림 중형,https://post-phinf.pstatic.net/MjAyMTAzMTBfMjA2/MDAxNjE1MzYwMDYzMTQy.W0pyloAqHE3hE6q15LL7fmsG8UEOkpY7r1z6OqHCZKEg.SOpwWkhZZCnAZlXjSd5rdhlnBWpaCMYsFWZ_UAbP1YAg.PNG/image.png?type=w1200,-68,159
91,엘리스,엘리스 메가미퓨어 슬림날개형 중형,https://post-phinf.pstatic.net/MjAyMTAzMTBfMjMx/MDAxNjE1MzU3NTc1OTgz.-TuAFONb56bT3iOosCDhV_kXdInTI6YcARvz-P_RUnYg.wftM9otyj9ieBowyDy2VB3NA_7R2xMZ5Y9YBBLxFyvUg.PNG/image.png?type=w1200,-19,141
92,엘리스,엘리스 메가미퓨어 슬림날개형 소형,https://post-phinf.pstatic.net/MjAyMTAzMTBfMjU3/MDAxNjE1MzU1OTY4Mjgx.E3FztStlcX5p4tFV5LBxHgPSI2JxZP5unKDgvW1gQ5kg.POhsAmGY084tvv4vvOl3IuBsUH4Edg_y0eOzJeACrq4g.PNG/image.png?type=w1200,-45,148
93,엘리스,엘리스 메가미퓨어 슬림날개형 오버나이트,https://post-phinf.pstatic.net/MjAyMTAzMTBfMzEg/MDAxNjE1MzU0NzM4NjA3.JO7HMiyDf4J2Kv5PJQoOMTGm9dR4avFf-HPtXh6Awegg.awFERU8ILZQed56e1wAsPcZ2xAwmrnIUsse4f2EVIY0g.PNG/image.png?type=w1200,-279,233
94,엘리스,엘리스 순수감촉 날개형 대형,https://post-phinf.pstatic.net/MjAyMTAzMTBfMTM2/MDAxNjE1MzU0MzgyMDc4.GUVyGgLJoxZMotHAsEIoNNuYHOxEbsSMmZTIeBygqfgg.BOprU4M_Nw-PyA720aOigQt-gFYlrCZqZWu414B-hhYg.PNG/image.png?type=w1200,-200,205
95,엘리스,엘리스 순수감촉 날개형 소형,https://post-phinf.pstatic.net/MjAyMTAzMTBfMjAx/MDAxNjE1MzUzOTYxMTY3.pT46vlsOrfgYFpmsO6FQktDJpqJtujVCU0NEXdUtluYg.5CtdS3MfPbw8qkwvrhkvuVQeizLxAYtUmCZlW6ltIRsg.PNG/image.png?type=w1200,14,132
96,엘리스,엘리스 순수감촉 일반형 소형,https://post-phinf.pstatic.net/MjAyMTAzMTBfMjM3/MDAxNjE1MzUzNTg2OTQ3.fCGrRzctLv5WSf6ZrT6ZP4UUJ_tnD7qQ-qqfEtbRUwsg.emhVqV67IjqOg94qLB4NYjlOrTffBybI83H22Mf6lXgg.PNG/image.png?type=w1200,55,105
97,오보소하이안,오보소하이안 중형,https://post-phinf.pstatic.net/MjAyMTAzMTBfMjg4/MDAxNjE1MzUzMjMyOTMz.8fmBuCQxBbVVuvVA2UNQ7yWzRQ_5dKaxs1vZqxq5Uusg.3YqZ7D3o-bSqjH8dNyvOaOLJmXjA_5DNBlXGCeqVZ8Ug.PNG/image.png?type=w1200,-531,294
98,허밍스,허밍스 더 궁 울트라슬림 중형,https://post-phinf.pstatic.net/MjAyMTAzMTBfMTY4/MDAxNjE1MzUyODkxODAw.YBREuyhGuxC429vlQi0XX6SDbVsGKw1G-uAeVCk7RrAg.y8LDln1lCKu_0QKQ6IpGX97oDwb0OacFjq2uQ8LbMRAg.PNG/image.png?type=w1200,-1035,352
99,허밍스,허밍스 휴 울트라슬림 대형,https://post-phinf.pstatic.net/MjAyMTAzMTBfMTcg/MDAxNjE1MzUyNTU1NTQy.Vh5j3PJKHfUlx6-hVniVhNvo7ZXSlGnGP-lKZ0_rfLAg.kFrI_r84rHI5BIDEflZsc430MV3kVSsu7xoFBAPee4wg.PNG/image.png?type=w1200,-1159,362
100,허밍스,허밍스 더 궁 울트라슬림 대형,https://post-phinf.pstatic.net/MjAyMTAzMTBfNTQg/MDAxNjE1MzUyMTgzNDY1.1mTJpx9R4C-EpjbGl2jJvVFiOG_IDj_g13VmRnWHntog.T2rDidehpjLix900OgDphQ_6AjApq95e4hjR_x8EBQEg.PNG/image.png?type=w1200,-765,332
101,오보소하이안,오보소하이안 오버나이트,https://post-phinf.pstatic.net/MjAyMTAzMTBfMTI0/MDAxNjE1MzUxNDk2MDU5.E6qlCScSU8DGEt_NtBPG8cdXFxFEUHc6zWI1SQ-_yQcg.gK0G_sJir-MAm3-TyJeKqIE5gfUDpJ3SLDozABXJF4Mg.PNG/image.png?type=w1200,-1233,371
102,오보소하이안,오보소하이안 대형,https://post-phinf.pstatic.net/MjAyMTAzMTBfMjI0/MDAxNjE1MzUwMjM5ODA2.-Z0-lQZs2SIEU8_FHY4Rf2yP9lM_TEY6hRIvUUT3bh4g.UkgXYyAb5PJkeuW460QTtR6FM7vaJwecMH3P-oCf8Ugg.PNG/image.png?type=w1200,-1130,360
103,면생리대,면생리대 달동무 (대형),https://post-phinf.pstatic.net/MjAyMTAzMTBfMTc0/MDAxNjE1MzQ5ODM2OTMy.WLZ3ApLvI7MvRAkSeTeBFtR-7UHpV6qoxi-nTj9uxxAg.4lBHYvhWFgxiOFfYwzrHzKREhMUwvG-mRa1rlexhx1Ig.PNG/image.png?type=w1200,-8095,435
104,참좋은쑥,참좋은쑥 염색 날개형 면생리대(슬림),https://post-phinf.pstatic.net/MjAyMTAzMTBfMTUy/MDAxNjE1MzQ5NDQ4NTcw.X0RreJ-WRSJytemIgv7vEpVYqf9ZWcGcabOkbvYvkNMg.BmimLcGswhwvWen7mFKsO8MCOL0L4KQEtkDEQIeq2YYg.PNG/image.png?type=w1200,-341,246
105,로한,로한 플라워 면생리대 (라지),https://post-phinf.pstatic.net/MjAyMTAzMTBfMTUw/MDAxNjE1MzQ4ODY0Mzcx.2C9VNMnI7h9AV00FQ65_uPcMRhjg6-cvZAy5bNevFCcg.y-Xn-u_kMLe2L45iRXxGlF0ZglWykF7dEvSYC--OXoIg.PNG/image.png?type=w1200,-196,204
106,라라문,라라문 생리대 (데이),https://post-phinf.pstatic.net/MjAyMTAzMTBfMTMg/MDAxNjE1MzQxMjY4MjA5.4Xvdr7LvERnIe2iJzOL_-ENR2IM4aQi_z1opMDfQqgcg.mLbeCEyu2Tqkcd7ooGLB2zwViwqLxTPIgbCBdhA3iAEg.PNG/image.png?type=w1200,-1407,386
107,라라문,라라문 생리대 (오버나이트),https://post-phinf.pstatic.net/MjAyMTAzMTBfMTYg/MDAxNjE1MzE0NjkzNDM5.sZNaJ9AhbxP-kVyb-V9booWUVhzWo7QIUId-VkkLpzMg.QfRNoxFO65ux3xRQMRb83JZXF8UhnHPgDhSR4TwljTwg.PNG/erg.PNG?type=w1200,-586,305
108,와우,와우 순면 울트라슬림 중형,https://post-phinf.pstatic.net/MjAyMTAzMDRfMjA1/MDAxNjE0ODQ3MjA5NjY3.8JRS3Qjl64kEUJ6MeE0_Pi2RSQ0zYCzh0-LmBRWzLd0g.Z9_XAI1aGlkkBS_BX0i8wzQxY5gS68DLaJxLF_IvfQsg.PNG/hl.PNG?type=w1200,-265,228
109,와우,와우 순면 울트라슬림 대형,https://post-phinf.pstatic.net/MjAyMTAzMDRfMjEg/MDAxNjE0ODQ2OTAzMTAz.f1msPmgg8irkHXqKBM43Ge7mwqUqWamQiP2sWidDuTAg.sMXhl7VqVc_7iM3dC6ZaSkjYEIFFULHrh3tPO0Drxocg.JPEG/unnamed.jpg?type=w1200,77,87
110,단오,단오 울트라대형,https://post-phinf.pstatic.net/MjAyMTAzMDRfNzMg/MDAxNjE0ODQ2NzYyODEy.DfV-rtYEFz8hKh-hI3xUQkybnOuNhxuRAhcDXpZ2UMwg.dNuogN7kNSZVfvZppi_EjD-MxelIPATFpqBUJobr7Ocg.PNG/ty.PNG?type=w1200,-231,218
111,단오,단오 오버나이트,https://post-phinf.pstatic.net/MjAyMTAzMDRfOTYg/MDAxNjE0ODQ2MzczODc5.F4w1AAMzibW4J45zZEOBm6Q6Or548Uw1mFu15VDUTHwg.jzL61oCI772FdeM1pMHLYywrkqET68I3ZPjbP8LRbv8g.PNG/rth.PNG?type=w1200,-189,199
112,한나센스,한나센스 데일리 생리팬티,https://post-phinf.pstatic.net/MjAyMTAzMDRfMTIz/MDAxNjE0ODMwNTU0ODI2.9rNRfObTYWb3Q08KYJVDsLdzb6Xqkq2GpBljz5z4Hsgg.kHrFfyYkD9mPU5yDTdm917Qeffe8uP2NL-EpEKkUy9Eg.PNG/image.png?type=w1200,-5349,427
113,한나,한나 센스나이트 생리팬티,https://post-phinf.pstatic.net/MjAyMTAzMDRfMTY3/MDAxNjE0ODMwMTAxNTcw.jLYCnCkWFsVVfzmP7co7LX2X_tLrzbibj14XC65n8W8g.iaXz863p9UpTaTy4EO5-726nBiejjlEAqawN8qXOvRkg.PNG/image.png?type=w1200,-6012,430
114,오즈,오즈 팬티형 생리대,https://post-phinf.pstatic.net/MjAyMTAzMDRfNTgg/MDAxNjE0ODI5NTE1Njgy.o7rUJ1rjxPxcrZmG3DbGATjkT1TzkcbS4FsySrdq88Qg.vrxzAiZKRPebbUBwVr59ad5aeeMJI-YIcc2hFtKCqTAg.PNG/image.png?type=w1200,-105,169
115,시크릿데이,시크릿데이 바이미 코튼 오버나이트 팬티 대형,https://post-phinf.pstatic.net/MjAyMTAzMDRfMTU2/MDAxNjE0ODI5MjI5NzE0.PoOK7qiWu_-w69u-n7-r9kcZ2yydomwJKjMF3LYrSoog.MIOs8Svx3fLZFXcLb8hxHeeSi4EZp79VADffyTPcZcwg.PNG/image.png?type=w1200,-1208,370
116,시크릿데이,시크릿데이 바이미 코튼 오버나이트 팬티 중형,https://post-phinf.pstatic.net/MjAyMTAzMDRfNTUg/MDAxNjE0ODI4NDgzMjk3.mqRMkT8ayt1N1sGsUDTNQ2Nw62OJxH8UzfAAbanlN3Ug.xWLnjFwETJ_5NTHnBQmGsqp0Cz3KyCwud0N5i2-Wm_8g.PNG/image.png?type=w1200,-569,302
117,메이앤준,메이앤준 입는 오버나이트,https://post-phinf.pstatic.net/MjAyMTAzMDRfMTg2/MDAxNjE0ODI3OTk1ODkw.ZIqqp31S7COnBEDW7MLVSEbDTgV9qGTJz5snI36KqZIg.kgPUIknWPE2t33aV8FlP87HdkgLYiLf-Wh_Fe8IYj-Eg.PNG/image.png?type=w1200,-2308,408
118,포그니입는,포그니입는 오버나이트,https://post-phinf.pstatic.net/MjAyMTAzMDRfMjI2/MDAxNjE0ODI3NTU2MTU5.LTDA5Jg_YhPtBYctsYi6btg_GGJBI5AQFe7xWtB-UMsg.2hsmcY3MoM3r2ReTLFf-4tfvpjyg5eEhpG2AhEJH3bUg.PNG/image.png?type=w1200,-2288,407
119,yoni,yoni chemical free protection (heavy),https://post-phinf.pstatic.net/MjAyMTAzMDRfMTQ3/MDAxNjE0ODI3MTM5ODMw.tm0IZ2ojNyHXXbvV_wCvDmtuEQpQJgzAWqNuT7leur8g.QRkO0FuRp8qGBEFFXMVWaCMbwW-QIjJb_FxTu1z4fG4g.PNG/image.png?type=w1200,31,123
120,yoni,yoni chemical free protection (medium),https://post-phinf.pstatic.net/MjAyMTAzMDRfMTI3/MDAxNjE0ODI2NTQ4ODQ5.0SHfKJ8zt4lNlUKpspHeW40eL_BJqlqlaZQCG7LvcKEg.0j5rg7OmAMAnFBwaJENr2q-Z_66obywOeVbAqlhMAvsg.PNG/image.png?type=w1200,2,135
121,yoni,yoni chemical free protection (light),https://post-phinf.pstatic.net/MjAyMTAzMDRfNTYg/MDAxNjE0ODI2MjY1ODAz.gtVeqZ29dQYjPOpUquBOTrv7Rj2zrNDVke65vOqzIwwg.YKTGre1K-SUFs3Q5bq1O4HFT70881-IwJ21QIR72F7Ig.PNG/image.png?type=w1200,145,15
122,tempax,tempax pearl super tampons,https://post-phinf.pstatic.net/MjAyMTAzMDRfOTIg/MDAxNjE0ODI1ODM2NDgy.xq8lnI2tsODQUIgKoY6ek43vsDU9podeOqzwTG8WrGAg.EdCnj9yhp5XfUN4MZ5q0UZuujF16pxq_VT1wDBrY45Mg.PNG/image.png?type=w1200,-65,157
123,tempax,tempax pearl super plus tampons,https://post-phinf.pstatic.net/MjAyMTAzMDRfMTQz/MDAxNjE0ODI1NDYxODg5.zgWyATjLgF3IaIqdzI5oeRSU8rp0gAZ_OPj3kmWrCMsg.6pHoLTPzs-leGmAqt9H2ofViZ8aFe-4FDpSLiWzIpCAg.PNG/image.png?type=w1200,-107,170
124,코텍스,코텍스 화이트 탐폰 슈퍼,https://post-phinf.pstatic.net/MjAyMTAzMDRfMjE4/MDAxNjE0ODI1MDIyNjI2.gWnI1C-rMxTTa0v7bFyqfjM-OKQcdYsqorRL9zOsRGkg.BWC2Zz1eTOBjyrQEDslcoPE0pMahrScy-TzgICX7ynYg.PNG/image.png?type=w1200,-550,300
125,코텍스,코텍스 화이트 스타일 탐폰 슈퍼,https://post-phinf.pstatic.net/MjAyMTAzMDRfNTEg/MDAxNjE0ODI0NzI0OTQ0.gOTA1S2ZYy2DGzaSG7SmOL8kdRCVO-QEECevSkvzxB0g.aE6Lv_WOGOoTuyGLGcmXx808tCAiQdWztYNSJKq4oCog.PNG/image.png?type=w1200,-536,296
126,좋은느낌,좋은느낌 탐폰 슈퍼,https://post-phinf.pstatic.net/MjAyMTAzMDRfMjM3/MDAxNjE0ODI0MzkxMzM3.IWLEmphP7aHiuUQGjNhUcozrBA1ojo1z2Tg97lfpHpwg.vKHA1Qwg7NS8bY7O6n2_hwlCkXirZJp0jrD4u3nRkegg.PNG/image.png?type=w1200,-1264,376
127,좋은느낌,좋은느낌 유 탐폰 레귤러,https://post-phinf.pstatic.net/MjAyMTAzMDRfNjYg/MDAxNjE0ODI0MTI4MjU5.klHRXcfoN1wVqa8p7dmwqHWpPkazD16-AlPu_7XokGcg.F7NUg5i08SmC0hE-0psc4sf9DFLYPflIXa5ZdV5QkRgg.PNG/image.png?type=w1200,-63,155
128,바디와이즈,바디와이즈 나트라케어 순면 탐폰 (어플리케이터-수퍼),https://post-phinf.pstatic.net/MjAyMTAzMDRfMTMy/MDAxNjE0ODIzODA2OTA2.eiSG1x3-RuHzW2XmPxwnCXNEfeY9n1wQgXFr1cP2lw8g.YLPKUZ-JkOcWzCGlC3fz1mJC2tO0o_YkaDMEdjzD4X4g.PNG/image.png?type=w1200,-486,288
129,바디와이즈,바디와이즈 나트라케어 순면 탐폰 (어플리케이터-레귤러),https://post-phinf.pstatic.net/MjAyMTAzMDRfMTI2/MDAxNjE0ODIzNTQwNjU2.LaqDKxO9_xcRB2YrxtoDn71_8tf3fcoHYdHXr2YzNlMg.uTDKiSGGY8dOhP6LYdp42QorObJIl2ViSc5KE9y09fAg.PNG/image.png?type=w1200,-359,255
130,바디와이즈,바디와이즈 나트라케어 순면 탐폰 (디지털-레귤러),https://post-phinf.pstatic.net/MjAyMTAzMDRfMTg5/MDAxNjE0ODIzMjcwNzIz.NyuoyzSvbnj2Y35q2NkrPjc5ubaN6E0i0tEfvHOokIog.FloxoLmvA4tnswBUsaFmyANhnNWVbcrZGOKPFs0n2asg.PNG/image.png?type=w1200,-863,339
131,바디와이즈,바디와이즈 나트라케어 순면 탐폰 (디지털-수퍼),https://post-phinf.pstatic.net/MjAyMTAzMDRfMjky/MDAxNjE0ODIyOTA2MDY1.d1RxXqkbHD9joQG110aqcvMuEHBf3rqRlt348nRXG54g.cZmZy7mWqHVHEXPItP0Qq81t4kUdXax5N1vLz8hMCQIg.PNG/image.png?type=w1200,-697,325
132,템포,템포 슈퍼,https://post-phinf.pstatic.net/MjAyMTAzMDRfMjU1/MDAxNjE0ODIyNTQ4MDI2.dDBClMw4ikWzIMoJGroFTqEYyKtRTjC48Z-XBFugQNwg.Qg_WOMQgt5wkv-ZZfV_erXGc8M_366ysPlUNtbEJqXQg.PNG/image.png?type=w1200,-52,150
133,템포,템포 레귤러,https://post-phinf.pstatic.net/MjAyMTAzMDRfMTgz/MDAxNjE0ODIyMjYwMzQz.8A19ZZxnfJ2IbAeBWTqVq48TRzgNe76rnDQfdyanQ64g.AVYH4xDaeyIb_8NRYmoVNXA65OoV7zmv8DvN8o5F2Gkg.PNG/image.png?type=w1200,-160,187
134,건강한,건강한 순수한면 탐폰 레귤러,https://post-phinf.pstatic.net/MjAyMTAzMDRfMTE3/MDAxNjE0ODIxOTM5MjY2.kmvjlHqgcA6rHYo_fKNGNEg4olswREud2hBF0dsEIV4g.RG2jBmyz4hNq2FjoheAOGR2UYTVV_-9uK7SKFiOwx5wg.PNG/image.png?type=w1200,116,52
135,건강한,건강한 순수한면 탐폰 슈퍼,https://post-phinf.pstatic.net/MjAyMTAzMDNfMzQg/MDAxNjE0NzgxODUwNTMx.PDMj3SzuWDlTwLgY8khNkzlwRiTi1kZM0Z-Ju3yYyBcg.oi6HYH2kSaKRdb4xAPl079n-EHYgTufsR-2xKB2xuIIg.PNG/image.png?type=w1200,87,75
136,해피문데이,해피문데이 탐폰 레귤러,https://post-phinf.pstatic.net/MjAyMTAzMDNfMjY4/MDAxNjE0NzgxNDM0MTQ5.e1xfP_UXpMlRxvaOuU1qF3FHiz1yqOQfyJdHIYgfCpMg.qI-YdXJL67ORbVPHmVzS8CvkFIvSh9FUTBGxrT6w3Rwg.PNG/image.png?type=w1200,-1313,379
137,해피문데이,해피문데이 탐폰 슈퍼,https://post-phinf.pstatic.net/MjAyMTAzMDNfNDMg/MDAxNjE0Nzc3NjYwNjg4.TMJZ88-iS57gePmZ43koBFlicFf1hvkfBWYhK-p7GE4g.RYgTG6IOLRaGo3x7d4gKapSyDPwO3Nrpqma4Iw976Wkg.PNG/image.png?type=w1200,-166,192
138,해피문데이,해피문데이 탐폰라이트,https://post-phinf.pstatic.net/MjAyMTAzMDNfMyAg/MDAxNjE0Nzc3Mzg4MDIw._TK1-NH8ZJf4B5LkZKbs0km9rAFUA_O7H6h8DGeUWnwg.12cok8e6UsAAJxOWAugz5YBdXzfzKZgNyTN-xDUaJ10g.PNG/image.png?type=w1200,-195,203
139,Jessa,Jessa FLEXIBEL SCHWARZ,https://post-phinf.pstatic.net/MjAyMTAzMDNfMTY2/MDAxNjE0Nzc2NTkzMjUy.LQULjFULdYR4MGvcBap-9shE7mqOtVGqhnsCI8JHzIgg.XMn9eldVm_Y3IuqMB5vLJUieo-IhSmt2tEKUrtN3D0wg.PNG/image.png?type=w1200,-1696,396
140,yoni,yoni chemical free protection (panty liner),https://post-phinf.pstatic.net/MjAyMTAzMDNfMTc3/MDAxNjE0Nzc1NzgyMzM0.5rkcVQSegTQ956S_woJe20vJRMGC7FSXtD_TU66eyVQg.4XAn0KpGSuqK8ALaUdGPFh-S395HE5bZKc2OfowzMzwg.PNG/image.png?type=w1200,-1259,374
141,ORGANIC,ORGANIC ULTRA LINERS WITH ORGANIC COTTON,https://post-phinf.pstatic.net/MjAyMTAzMDNfOSAg/MDAxNjE0Nzc1MjYyMTE4.a-bK8cACaYoCRcf5OcuvysxqlgtSzhVdG0Om2mG5f8wg.1hmZxCaITPKqHQVqD6czhcFhJaOCtq3qniqzUauX7tIg.PNG/image.png?type=w1200,-596,308
142,로리레,로리레 팬티라이너,https://post-phinf.pstatic.net/MjAyMTAzMDNfMzUg/MDAxNjE0Nzc0Nzk2Nzg5.dQl8sE6vP3f74_gT5N3qkHC9PFod8_2qJw4bXHaIZzUg.wjzbDRHUkP_y7JP3y3pV2YOl8idlBU9wqNcIfQJCyyYg.PNG/image.png?type=w1200,-110,171
143,홈플러스,홈플러스 시그니처 나를 위한 건강한 습관 순면 팬티라이너,https://post-phinf.pstatic.net/MjAyMTAzMDNfNDYg/MDAxNjE0Nzc0NDE3MTk1.ops5hcvTOjmHHLlERPRaz8GCwQKKYDwEtpk0SpX1cmEg.pNoa9hWMBJto0yGl1lk2hIAmCDb7tsYNL6JnJN1D6jgg.PNG/image.png?type=w1200,-118,175
144,울트라슬림,울트라슬림 사과꽃여랑 팬티라이너,https://post-phinf.pstatic.net/MjAyMTAzMDNfMTE2/MDAxNjE0Nzc0MTQzNTMw.Ob5k6j5qwXO_ELpGoHmMG1fF-B2-qt1GHwy1GxILvyYg.xfTdmkD1Lelff1S0h5ZLwU9i8Hv9rDGmAqu_9a46TgMg.PNG/image.png?type=w1200,79,85
145,위즐리(미니),위즐리(미니),https://post-phinf.pstatic.net/MjAyMTAzMDNfMjk4/MDAxNjE0NzczODQ0NjQ1.PlfFyHsHUaWb7YCRNsTmTrRUEchtM-3eSe_MpMscAUsg.xjNy83f08GqXtu2wU30nqBi3X7OYXfbFcLkONE2xbjog.PNG/image.png?type=w1200,53,106
146,오늘,오늘 순면 팬티라이너 롱,https://post-phinf.pstatic.net/MjAyMTAzMDNfMjQ5/MDAxNjE0NzczNDgxNzQy._rHGOjyHKPcBGkFnSKFyYmEbZnHROg6cdj8WIEATUqkg.XymcW8iwVxz025IIXyU7a8BuAMgpUSoE7BGZFeUk-ncg.PNG/image.png?type=w1200,30,125
147,콜만,콜만 팬티라이너 (폴디드),https://post-phinf.pstatic.net/MjAyMTAzMDNfNDIg/MDAxNjE0NzczMjI1Mzcw.MtOVgv4I6TN5GlNPbA_itrhFiKnTxP8Zsbz51zHzvFsg.EHisCLINdPiTY6E1O8d-TSVYjzQT0MZrvZwJWbWlrNog.PNG/image.png?type=w1200,108,59
148,아임오,아임오 뉴 팬티라이너,https://post-phinf.pstatic.net/MjAyMTAzMDNfMTg0/MDAxNjE0NzcyODI4Njgx.Pi2EK7K9FIoH7xCsnBI3SznWfFrMscthDn7rNI-Junwg.uoeGn__3vKUwXRroms0mGRBdn7tmUXMkh4eTFmysSyUg.PNG/image.png?type=w1200,57,104
149,아임오,아임오 뉴 롱 팬티라이너,https://post-phinf.pstatic.net/MjAyMTAzMDNfMTk3/MDAxNjE0NzcyNzM5MDIz.1Q2I6so2Pp_doQgnCQvuY1GnmJCGO-Ue2Nly-vmyIh4g.Vun4O4Q7FBFInGxCzQ495X3iCNPBoJr7VNazvPDdMuog.PNG/image.png?type=w1200,126,34
150,퓨어365,퓨어365 150mm 팬티라이너,https://post-phinf.pstatic.net/MjAyMTAzMDNfMjk4/MDAxNjE0NzcxMzEzOTcz.lvGkuZtfxAbuFV5fzyMOxTrpP3lnaZ-RG6Wc5LnRUTwg.JjvGnmhl9SQilBOC--A-IaozDUGm-EHs8IqD-VWI2dwg.PNG/image.png?type=w1200,132,26
151,퓨어365,퓨어365 180mm 팬티라이너,https://post-phinf.pstatic.net/MjAyMTAzMDNfMTQ1/MDAxNjE0NzcwOTQzMjE1.K9DylcepZ-lAy47n3-XKcj9TEShXm61lwNSmYsqILZAg.OpytEABI_S4LclsVJdqJ9QMIxusJAgxbmFYskuZOmuIg.PNG/image.png?type=w1200,46,112
152,뷰코셋,뷰코셋 바이오 노말 팬티라이너,https://post-phinf.pstatic.net/MjAyMTAzMDNfMjYy/MDAxNjE0NzcwNTg0NDYx.basva5_v3EJDqB4MyRjzmdBZgcCHNp2e_H_Cbcv3JSog.LVxto8523IAEm8rrzlP2Lve9e-L-0Lk2n6QpXlfGRtYg.PNG/image.png?type=w1200,-8,137
153,온리프라이스,온리프라이스 순면팬티라이너 롱,https://post-phinf.pstatic.net/MjAyMTAzMDNfMTY3/MDAxNjE0NzcwMzA2NjY5.uF1DK4kMziRYQ8-au9BaHTnhjcRuUlk2hAv3JWOkgpMg.afi9ZMMB4W7TpDwGe8kLO30_i61BAglW1lAAWgP6P18g.PNG/image.png?type=w1200,123,39
154,온리프라이스,온리프라이스 순면팬티라이너 일반,https://post-phinf.pstatic.net/MjAyMTAzMDNfMjI1/MDAxNjE0NzcwMDUxMjcy.903lpBT4-abkvRTXa6ELKEXYVza7Kttqr4W9VPC4yjwg.6jCHGNZ5XavHZsaIeUSvhK40LfHSfQZwSGW-PtzhsQUg.PNG/image.png?type=w1200,148,12
155,하얀하얀,하얀하얀 팬티라이너,https://post-phinf.pstatic.net/MjAyMTAzMDNfOTYg/MDAxNjE0NzY5Nzg0MjIw.kJNtd8PS4Bi4kmO3aX1WHMjFoJsnTL6_kAICgM7SR0Mg.W8fq4M0Podensw2I5OzPR_aw6pUkWX-AT2oDzC3R_ygg.PNG/image.png?type=w1200,154,9
156,울트라슬림,울트라슬림 사과꽃에이 팬티라이너,https://post-phinf.pstatic.net/MjAyMTAzMDNfMjI2/MDAxNjE0NzY5NDI5MzAw.jRXttJzzXJtmNOo7dw_Hh4KjMIAne5vxviaWoST8GCUg.dcGRLu_b2t-6ZKLgiYFCsv1OQxQFh_GN0Z6Qx0-YOzwg.PNG/image.png?type=w1200,132,26
157,레이디문,레이디문 팬티라이너,https://post-phinf.pstatic.net/MjAyMTAzMDNfNTQg/MDAxNjE0NzUzMjQyMzEw.umBc6gUkej-MNX5mcPX1LqYbkICnxEmfoMGCgsC4mxEg.3kq3wJpm1rwj1TLlUuAyuyaxnGGP-SlL_sYZmgsHawYg.PNG/image.png?type=w1200,-1172,364
158,젬무브미,젬무브미 팬티라이너,https://post-phinf.pstatic.net/MjAyMTAzMDNfMjY2/MDAxNjE0NzUyOTMwMDQ1.2oDfTHB2PdOt-Cd9ltDvS904wkKn_o1o2NT2eqSDRoUg.DfIWMyCpzkHRhG9S2Nogo_y8m2rpk1ob7pFrMROBUpYg.PNG/image.png?type=w1200,-3098,417
159,데이앤졸리,데이앤졸리 울트라슬림 롱 팬티라이너,https://post-phinf.pstatic.net/MjAyMTAzMDNfMjgg/MDAxNjE0NzUyNDI5NzUy.lt7s1W2U_Mru75OepnOGNWL7iVGkcLuStbve5N0FNFkg.mMWb0leoPZpbb3kypq9KuX6fmrW9_VurdOQf-wCHrVog.PNG/image.png?type=w1200,-98264,441
160,클라우드나인,클라우드나인 네이처 팬티라이너,https://post-phinf.pstatic.net/MjAyMTAzMDNfMTM3/MDAxNjE0NzUwNDY2NTcw.lfGvDWteHmWSSDKWT4WOH3zXejNzzCwsHFwlwJ3dGtAg._ExPJ_Wh49lAITuX3T1cggDir_4cREBeAyjc_8Tz99Qg.PNG/image.png?type=w1200,148,12
161,리얼울트라슬림,리얼울트라슬림 허브랑 목화랑 만나 해피한 날 팬티라이너,https://post-phinf.pstatic.net/MjAyMTAzMDNfNzQg/MDAxNjE0NzUwMDMzNzEy.efTyj78UPg6wD8P1iI1Z1VGq8fFlR9NesEmcMc6p8tQg.4sTNSgJv66EfzPwapLEyoIhquF77zn5yYErsbUCA5sEg.PNG/image.png?type=w1200,87,75
162,단오,단오 팬티라이너,https://post-phinf.pstatic.net/MjAyMTAzMDNfNTQg/MDAxNjE0NzQ5NjM2OTc2.DGD-Wb1RBH2qIBUo8PUTvQrXAYFpMIVdogIsBqJwoc8g.jrskHDPwYNBfO32tDT5v6AZdy_2hz--_N3p8OGRJmWcg.PNG/image.png?type=w1200,123,39
163,오버액션,오버액션 순면 롱팬티라이너,https://post-phinf.pstatic.net/MjAyMTAzMDNfNTUg/MDAxNjE0NzQ5MzMwODA3.1nmXvX0dooqnJaXwZeunSh5avxmGcft-wdbSc6dMQngg.y_tWcO8z8MTnyi37IF4RU8TDNcoRylHFWmKKG9e_y88g.PNG/image.png?type=w1200,80,83
164,리얼오,리얼오 팬티라이너,https://post-phinf.pstatic.net/MjAyMTAzMDNfMjM0/MDAxNjE0NzQ4ODk3NTU4.RzVFFY9xji8HOVO1FojlmnmjnuHD_FJJuA4325POUZEg.-JCKeqzcoM6hy66ijLOHMw0UQll8tGh_BBJlwobJLbog.PNG/image.png?type=w1200,131,28
165,오닉피노,오닉피노 팬티라이너 롱,https://post-phinf.pstatic.net/MjAyMTAzMDNfMjEy/MDAxNjE0NzQ4MzY2MDAx.gk8nd67DCJ_ugRO_V_OJBz8SLyRrVaQK0lYTnnM8znQg.l6fmhsnHi7UhzW2D6bTPrkDK5IasLslGmlyCUGZa7Ckg.PNG/image.png?type=w1200,141,21
166,오닉피노,오닉피노 팬티라이너 일반,https://post-phinf.pstatic.net/MjAyMTAzMDNfMTY4/MDAxNjE0NzQ4MDgwNjc1.h3vw2rQxyAc9bd-5pFTyjTiLZOLgfor-B7o8p4w7SxEg.eIqNNjNxtOWvX5WbHyK3MZ-HPUr1XzSaxxJM4bGf95Ig.PNG/image.png?type=w1200,160,4
167,케어러스,케어러스 롱라이너,https://post-phinf.pstatic.net/MjAyMTAzMDNfMTkz/MDAxNjE0NzQ2Mjg4NzUz.e3zVfvDEH6O_ttMv9NyL_t2tzRFdnZZ20YOn-1kRH0kg.MBfJSZmtCq5XR6yrv01nbRVpydfyOs9s9wUeN4hMFkEg.PNG/image.png?type=w1200,124,38
168,자연느낌,자연느낌 골드오 롱팬티라이너,https://post-phinf.pstatic.net/MjAyMTAzMDNfMjQ0/MDAxNjE0NzQ0Mzc2OTky.t62lKjRMd9Iz8vo7629imkYSip1QLP7A4BWynya3Zy4g.asJ5lEh8462SoC6d44-2vZGq3aWeoQ4F5lmji12ZQRAg.PNG/image.png?type=w1200,122,41
169,리버티,리버티 오가네이처 팬티라이너,https://post-phinf.pstatic.net/MjAyMTAzMDNfMjgw/MDAxNjE0NzQzOTg2NDE2.In1nVX5TLp9TCnpJ_HbLMzl5cVeM2g0dXD2BifSydoEg.leuuy6l2yfFTnY7OZnIv35HiEtHvG9fg2kFlGbfTBjYg.PNG/image.png?type=w1200,52,107
170,블루블루,블루블루 롱 팬티라이너,https://post-phinf.pstatic.net/MjAyMTAzMDNfMjgg/MDAxNjE0NzQzNTEzNjg2.B8fI10XCAZNASbMNsswTkxPEE6yFeAexEGgyZuvyJ9cg.AJiqhXKYJ-ERCjsrmvBME-FQITNPMm2bScUPKNASavgg.PNG/image.png?type=w1200,-2809,413
171,수비,수비 울트라씬 롱 팬티라이너,https://post-phinf.pstatic.net/MjAyMTAzMDNfMjc5/MDAxNjE0NzQzMDg3NDkx.47B9odN4b5KVbw9pZ173YECDJxijUjRfulM-KN5Pj4wg.CpoN4oPKlsY6OQ-kw7r4WPh-dPzOSjFGOgHNhmmGnMUg.PNG/image.png?type=w1200,147,14
172,나도그래,나도그래 팬티라이너 롱,https://post-phinf.pstatic.net/MjAyMTAzMDNfNiAg/MDAxNjE0NzEyMjYyNjE0.uka5ZyYplHfJhlDGiPIKscuu5Yv_Dfz3EykCywx4FfYg.Hhi06dO12Ig7__cSngmaiBX09Z6qlOz9WgR5B-dZHUog.PNG/image.png?type=w1200,52,107
173,생활공작소,생활공작소 롱 팬티라이너,https://post-phinf.pstatic.net/MjAyMTAzMDNfMTk1/MDAxNjE0NzExOTA2MjUw.NW98bhhd77nCso8S5NgGEEuYQcZfcspktUrw6BFrVBcg._LV7TKHIqgFqWT72S5E8FFTUQOioC-3cOKjyO1DrPkQg.PNG/image.png?type=w1200,120,44
174,그날레시피,그날레시피 팬티라이너 롱,https://post-phinf.pstatic.net/MjAyMTAzMDNfMjAz/MDAxNjE0NzExNTc2ODYw.sGQggKdo2raEoajqm0Tbh2NX0MQfvQzyMQw8H8agI9kg.v_Ja9id3WG3wtAkzKglmHenr91l9-vqo7wExK56RLP4g.PNG/image.png?type=w1200,115,55
175,그날레시피,그날레시피 팬티라이너 일반,https://post-phinf.pstatic.net/MjAyMTAzMDNfMjI4/MDAxNjE0NzExMjY0Mzky.KYJZdPVP4weKUHjgj3m1qavb4YCxjq8CCKjli2vy2_Ag.HZLazm8dMQP4gyVox2ItpMh-VCO0IZ2zWWMxHPcpta0g.PNG/image.png?type=w1200,126,34
176,아이스마일,아이스마일 생리대(팬티라이너),https://post-phinf.pstatic.net/MjAyMTAzMDNfMjA0/MDAxNjE0NzEwODAxODg0.m9qMIgYjmKBVh7cO5e4j0HVAGH0LQPbaKve3kyj3F0wg.8QccssNGraRH-2bthabjxIo8_oGuEUw483QJb63-fYYg.PNG/image.png?type=w1200,-312,238
177,퀸비패드,퀸비패드 면생리대라이너,https://post-phinf.pstatic.net/MjAyMTAzMDNfMTMz/MDAxNjE0NzEwNTEyOTQy.DkjfpC61xK2QAMhRw_bpQ0pVQOy1vCKWZ_FuT7xpHe8g.ZTuMGfVwiVpNNzOofI1k6_JmayPMbASxPA6XNpSZvdog.PNG/image.png?type=w1200,-716,327
178,미애부,미애부 순수화 프리라이너,https://post-phinf.pstatic.net/MjAyMTAzMDNfMjEz/MDAxNjE0NzA5NzUxMjgx.zA4JqqtAqY5fH9abBBygxaExDx5su6CTldLAMyHOGa0g.6gfGlSAKSfFVw62-qvaGAD7baId2ezLnLdBpwlH8ViIg.PNG/image.png?type=w1200,-1418,387
179,프리냅,프리냅 팬티라이너,https://post-phinf.pstatic.net/MjAyMTAzMDNfMjU0/MDAxNjE0NzA5MjQ3NDM1.fGF9N4ibG4iy0GcGLRFJn8XQRkdRAPzrzQWDToIm8QAg.88g9yOviN4k4h3H3JE0PcTg8bC2kkf_O1QHqmOqH8zAg.PNG/image.png?type=w1200,-244,221
180,로한,로한 로하스 면팬티라이너,https://post-phinf.pstatic.net/MjAyMTAzMDNfMjY1/MDAxNjE0NzA4OTMyNjEx.3nPE-EEWBwXT1EPoGumjuZpO6cb1UTlgRnSxn_5sDTog.esLVZaZkJph1TPJwGcevQwl1fogJdFSuH9rUumBIBKIg.PNG/image.png?type=w1200,-17,140
181,허밍스,허밍스 작은마녀,https://post-phinf.pstatic.net/MjAyMTAzMDNfOTAg/MDAxNjE0NzA4MTAwNzUz.wzl2h_c-dEmloWeL8TVEHREnyTs9HaGH_QNDFnO2SU8g.eVpMBevrTD4KhNA-UhwGZnXSzqvdmI2Fv6G9Ov-9lcQg.PNG/image.png?type=w1200,-7457,433
182,비너스,비너스 매직코트니 팬티라이너,https://post-phinf.pstatic.net/MjAyMTAzMDNfMjIw/MDAxNjE0NzA3NzcwODEz.CaGi_x9CnoEgYqRrCZ7-97bwTmYZ62PaGW28Ik9OMoAg.MWAILZqEPSgwOpF6_36EIrjo1-AOu2cfpABxbh0db9wg.PNG/image.png?type=w1200,-695,324
183,제이본,제이본 팬티라이너 (롱),https://post-phinf.pstatic.net/MjAyMTAzMDNfMTQ1/MDAxNjE0NzA3NDQ1ODEw.zECcpVaEXxDeWeWnHLh2k803x_KwBwxOm9qUjjPSFTUg.7X6GFMVBzwM8sQBUDr3SMIOUdmIv2JQ98jraFtiRDhEg.PNG/image.png?type=w1200,82,82
184,제이본,제이본 팬티라이너 (일반),https://post-phinf.pstatic.net/MjAyMTAzMDNfMTgy/MDAxNjE0NzA1ODIzNjgz.4snz1Tl90WCaoyLPXViXr3E96MVhFEdyuSZ7bhY0xEcg.6gfrnPj4IQDHPuIzU_PQhwzMw3655Nuu6wDBAJvy6EEg.PNG/image.png?type=w1200,130,29
185,본,본 에스 팬티라이너 (롱),https://post-phinf.pstatic.net/MjAyMTAzMDNfMTQ0/MDAxNjE0NzA1MzUyMDY5.7TVNO8zJqaql0ZvJdmiBpNSaUs5_0pGSIMc2nq1z2a8g.H5Cw7T2joY94-52MkVTUJkqIRyu_E9aU5lD5OAtX3Ygg.PNG/image.png?type=w1200,116,52
186,본,본 에스 팬티라이너 (일반),https://post-phinf.pstatic.net/MjAyMTAzMDNfMTEz/MDAxNjE0NzA0ODQ0MjA3.65qQR7RLiRGuBuiw3iXImqKD-fHDmJnnN6UOHzsc8rYg.o9ycgz9FA4lehYbG_0ddf3GBypgSvfBDBN2SAEcRkf0g.PNG/image.png?type=w1200,155,6
187,정보],정보] 연팬티라이너,https://post-phinf.pstatic.net/MjAyMTAzMDNfMzQg/MDAxNjE0NzA0NDE0NTgw.wRKoS8Xt_oTj2D-r1NeGYrHwUuULlVEthorajWBAePcg.ZRNkJGE2wPM_-1xyX8UTwXu9pcqBlEdtWSjJTDFlYd8g.PNG/image.png?type=w1200,120,44
188,슈베스,슈베스 캐치미 팬티라이너,https://post-phinf.pstatic.net/MjAyMTAzMDNfMTg2/MDAxNjE0NzAzNzEyMDQ3.CEmiuLK1DX5leSP_qUq1oilgxtcy3MD2_uGUSch07Esg.FzfVtPESxCo3JIv0WPwvV6BsEx7r-noofNTa7bzqewcg.PNG/image.png?type=w1200,144,16
189,슈베스,슈베스 캐치미 팬티라이너 롱,https://post-phinf.pstatic.net/MjAyMTAzMDNfMjUz/MDAxNjE0NzAyODgxNDQ4.RxDb9I5e62yG3NfS9dJu2C_RXr2QaG1QzmK8LSTPekog.Od5ckCQluFjaKTQ0h4hcSTmK2niKI1jC6Y_S8S9Kwz8g.PNG/image.png?type=w1200,130,29
190,지쿱,지쿱 그린 순면 롱 팬티라이너,https://post-phinf.pstatic.net/MjAyMTAzMDJfMzMg/MDAxNjE0Njg5MjIyNTk4.tXWQAPpD16e9DO-vd_F0a3awgKNyTMOD4pabd1tqVWUg.fFB5PurORjnWQSaUAv0yUOXE3m8qhhhJZU1PUKHdUBcg.PNG/image.png?type=w1200,164,3
191,데이위드,데이위드 슈퍼소프트 롱라이너,https://post-phinf.pstatic.net/MjAyMTAzMDJfNTUg/MDAxNjE0Njg4NDY3NTkz.CZLGwj-5o6xKd4NBc3chRjS4NUwGSlHQDF2NJb9DkSYg.yRVUcrfnVD28VKVUbl-nr8rYY2f5CrVuXKRXc41OiBIg.PNG/image.png?type=w1200,101,64
192,쏠렉다움,쏠렉다움 소프트슬림 롱라이너,https://post-phinf.pstatic.net/MjAyMTAzMDJfMjE4/MDAxNjE0Njg4MTM2MTMy.TcfgY3U_SF41ORAJssMqYLRnBQq1Gz3uuAnel-z2Dfkg.8-N1rmInpTRRsFw9eTRDm87_CZwIGPoKG86eHewoAqYg.PNG/image.png?type=w1200,91,71
193,데이위드,데이위드 울트라슬림 롱라이너,https://post-phinf.pstatic.net/MjAyMTAzMDJfMjcg/MDAxNjE0Njg3NDA2Njgz.06gfZ3o-Z0W6AxntEMM4YBY8PHJQMYAI9m8LtBacSxMg.F9XY_wLnOZkM4Dd24HChV60WFvjmVncmN7QHyfOaSzYg.PNG/image.png?type=w1200,155,6
194,라본,라본 팬티라이너 롱,https://post-phinf.pstatic.net/MjAyMTAzMDJfNTQg/MDAxNjE0Njg3MDkwMjQz.dFOQFFumddveU7_U38MAf2jDZTbHNdNMiCfPb4RnTMYg.xFgA9JaQlMdLXlrgh-TsTSliTmnsfGDPB4b7YN2hxmwg.PNG/image.png?type=w1200,152,11
195,데이데이,데이데이 팬티라이너 롱,https://post-phinf.pstatic.net/MjAyMTAzMDJfMjk5/MDAxNjE0Njg2NzcxNTEw.WTQS5wbnxpaoUpnXa2DCwWXQ5jQO1LVau8OMRsSLb98g.GrCNsRSj2TPnZmUBag-ws1E70p7EJKvCXKrWpdTzkEUg.PNG/image.png?type=w1200,75,91
196,데이데이,데이데이 실크감촉 180팬티라이너,https://post-phinf.pstatic.net/MjAyMTAzMDJfNzAg/MDAxNjE0NjY2NDgzMDAy.61wffOujf_i10noJZkIUtH9WZG-73toTArrzKDJOHBEg.j440UyRMJMcKNatj9q5BcbH50A15UR-42rLkLXKaby0g.PNG/image.png?type=w1200,-762,331
197,산들산들,산들산들 생리대 팬티라이너,https://post-phinf.pstatic.net/MjAyMTAzMDJfMjcy/MDAxNjE0NjY1OTg4MTQx.rgdPiT82Tfi6DumNCwXNnl4QR55jC6irzHfUrtx5yLYg.vcpoRfUmFh-ShXu4H6VT3iewWVlgxs6QoG1Kw6dbpOAg.PNG/image.png?type=w1200,28,128
198,레인보우,레인보우 레인드롭스 허벌 팬티라이너,https://post-phinf.pstatic.net/MjAyMTAzMDJfMjcz/MDAxNjE0NjY0NTEwMjk2.iNNc_DG-Hcl8X8oCiRN0cZq_9bR0uPIY_flQoyLDXhUg.rxpN_S76_iFH6pbqHiE7uf2FGqEEuSutfcp0Ybxutacg.PNG/image.png?type=w1200,28,128
199,잇츠마인,잇츠마인 팬티라이너 롱,https://post-phinf.pstatic.net/MjAyMTAzMDJfMjA1/MDAxNjE0NjY0MDUwOTY5.K_LX2UfNaxolKmkNJK3aGJnrJdAPKENIZgUzXF6Qa14g.jvyXJ8BKwNXx_H5zXGi4ZGVm8TbYQkz-O2k2q-FJ1WAg.PNG/image.png?type=w1200,32,121
200,잇츠마인,잇츠마인 팬티라이너 일반,https://post-phinf.pstatic.net/MjAyMTAzMDJfODYg/MDAxNjE0NjYzNDA3Mzk1.gFLZIxQeAGt85w9UTkR55X8cyAzPgzI6M1ypGLhWmnAg.5fe4VSxvA2bU4j4HCxFcs7SSLeIaiZ_uR9c3M4aSeWQg.PNG/image.png?type=w1200,72,93
201,천사맘,천사맘 데일리 프레쉬 라이너,https://post-phinf.pstatic.net/MjAyMTAzMDJfMjAy/MDAxNjE0NjYyOTUxMTEy.1BCqR7AC0MSTUSaeFhPGucOMtrFKcGD2DFWrn9rGzHcg.UNvcE-Q0PGdXDliYLG1AfMGWiJL869D00YcbMXVQfOYg.PNG/image.png?type=w1200,-1928,399
202,면달셋,면달셋 큐티 면생리대 팬티라이너,https://post-phinf.pstatic.net/MjAyMTAzMDJfMjMg/MDAxNjE0NjYyNTA0ODM0.WcETz8v6xYUvRIK7GF9a-v1fodffNzhiPCimZl8Adakg.wAhBkD7kVIgEeKk8aTbrqmr8jV5K8bjnZLrdtZNTAQgg.PNG/image.png?type=w1200,80,83
203,원데이,원데이 원팩 팬티라이너 롱,https://post-phinf.pstatic.net/MjAyMTAzMTRfMSAg/MDAxNjE1NjUwOTYwNTMz.QARrrWGqSFvrD_8F62bhyULaoXcovEsqOFuPfX0FtAIg.XHrWgJo2s28IVMimRMkkzpVzuBGFQYojaojbIuuH930g.PNG/image.png?type=w1200,-416,269
204,데이데이,데이데이 엣지 팬티라이너,https://post-phinf.pstatic.net/MjAyMTAzMDJfMTUx/MDAxNjE0NjYxMTY2NjQy.OZuKtbUD4dNpcheomOS_A-3EVi7UIMeRsdtlXVO7oBcg.T__fwG-iCa_SNej5gMyRwnTN8iUbHj_E5EsIfFCrTOYg.PNG/image.png?type=w1200,-1109,359
205,비비꼬뜨,비비꼬뜨 팬티라이너 폴디드,https://post-phinf.pstatic.net/MjAyMTAzMTRfMTYx/MDAxNjE1NjUxMDY5MDQx.om2KwDxHK4T-nBCCEpeyzxkHJPiA25X5e3tLGTlHs1Qg.gI3eywzcGXe5p2D1VbKKRZYu4Kgh5BQFBvonUnpsMQsg.PNG/image.png?type=w1200,-87,167
206,내츄럴코튼,내츄럴코튼 시그니처 팬티라이너,https://post-phinf.pstatic.net/MjAyMTAzMTRfMTI4/MDAxNjE1NjUxMTU0OTU3.QkKA-wLtYcOFaeWWVsVJySMekYuh-CTfu59Yh8mT8s4g.z3Zz6qHjlE9taLijvrAcidqM77R7xUmuL3Gc5TNCWE4g.PNG/image.png?type=w1200,-448,280
207,내츄럴,내츄럴 코튼 라이블리 와이드 롱 팬티라이너,https://post-phinf.pstatic.net/MjAyMTAzMTRfMjEw/MDAxNjE1NjUxMjE1OTcw.H9098VTY3mq9HTvZNK7PGXcyiiB4Lgr-i11aS90YNKYg.mAOttJGzeTmHl9K8KVyBpmuY-KBsYYsj9-Z1TcQVEhQg.PNG/image.png?type=w1200,-74,161
208,내츄럴,내츄럴 코튼 리올가닉 데일리라이너 롱,https://post-phinf.pstatic.net/MjAyMTAzMTRfOTUg/MDAxNjE1NjUxMjk2MjUy.R0A0ER6DKOQwZTV5jmki7b7Wb-V5PT1b20Pii7fT5WQg.MFPU1wcaE6YrFRDH4zL0p0mY1CIZ-2OrrQugwUdsjD0g.PNG/image.png?type=w1200,-63,155
209,시크릿데이,시크릿데이 바이 미피 팬티라이너 롱,https://post-phinf.pstatic.net/MjAyMTAzMTRfMTg4/MDAxNjE1NjUxMzcyOTk1.W2rbCtX6afOJ2XZXNxz6NWKnGikyhGvNMo1qfI_GVtUg.5VEl6IeAFekS7fpMbgUbbrK_EgV2UHCfJtcxeiKxkBIg.PNG/image.png?type=w1200,22,130
210,시크릿데이,시크릿데이 코튼 팬티라이너 롱에이,https://post-phinf.pstatic.net/MjAyMTAzMTRfMTY2/MDAxNjE1NjUxNDQzNDI2.3RF0qsVQEJIMLafFgYr4oYUUuufzLDF7AttX9li8AXAg.CY9hHU-5txvzDHTVbtMEH0PScDtP7BYg95Ja8sRLK9Yg.PNG/image.png?type=w1200,64,98
211,화이트,화이트 에코프레시 팬티라이너 수퍼롱,https://post-phinf.pstatic.net/MjAyMTAzMTRfOTQg/MDAxNjE1NjUxNTAwMDQ0.xwFPzjCjYlk8kri03aJCa56ZLZTP_TJsyAdEsmUlFbAg.fe38ZoySyKg4RQe7Tln1BqwcDoMWP3nqxftYfM-IdGMg.PNG/image.png?type=w1200,77,87
212,나트라케어,나트라케어 내추럴 팬티라이너 (롱),https://post-phinf.pstatic.net/MjAyMTAzMTRfMTA3/MDAxNjE1NjUxNTU2MDQ5.m8QT6W9u3qwPr4EgmZkCqZcpUYj6hclI72o4eHUhSX0g.RcxvoBbiUHnwHEcHl8zvLsZ6g39fAKb84BtYQjV286og.PNG/image.png?type=w1200,-761,330
213,순면,순면 본 팬티라이너 (일반),https://post-phinf.pstatic.net/MjAyMTAzMTRfMTE5/MDAxNjE1NjUxNjEyNDEy.uD_ySjCqPlKzWjkeJRrrJCgtxV-0F9t89HydbCuqzggg.5ttsem4fcGyAJ19oZcXUyX3LpJalH9o0s_GpUSZ6sAAg.PNG/image.png?type=w1200,125,36
214,순면,순면 본 팬티라이너 (롱),https://post-phinf.pstatic.net/MjAyMTAzMTRfMjE4/MDAxNjE1NjUyMDY2NzM5.rSCmoqrRl6SJFBECnHnEMTIxExfL4uYr7rUbucOEqY8g.REC5E-r_WXrsgff17D8XAXM3aKaF0cponYQ4iBe265Yg.PNG/image.png?type=w1200,99,65
215,숲속이야기,숲속이야기 팬티라이너 일반,https://post-phinf.pstatic.net/MjAyMTAzMTRfMTI0/MDAxNjE1NjUyMTYzODc4.gxfoVJNrSUpyI58TXEyGrMBFe8hG02mzqGUXLU7SZzAg.iZJgdQyjpKKxrAF93SP3D99QoLf7bKk3MP6lFb3yWmUg.PNG/image.png?type=w1200,75,91
216,한울,한울 순면 팬티라이너 일반,https://post-phinf.pstatic.net/MjAyMTAzMTRfNzAg/MDAxNjE1NjUyMjMzMDI1.zAUgb72_sUvN7Oc4n68Y0lOJFpD31YE22ziHZg4v_Sog.17QCaGbQMVX-dBFiBattSkeqWmJFTHbedavzLr_0-aAg.PNG/image.png?type=w1200,144,16
217,프롬소이,프롬소이 팬티라이너 롱,https://post-phinf.pstatic.net/MjAyMTAzMTRfMjU4/MDAxNjE1NjUyMzA2NTg1.kuO1aV8mg0w5sYxpKRIialiWhJKRy34rjYu03jBdRCEg.Q0HoJCBuHQHx2APcNIIu3tOC3Do6QW6AIQQZZiEwqB4g.PNG/image.png?type=w1200,-154,183
218,저스트,저스트 마이데이 팬티라이너 롱,https://post-phinf.pstatic.net/MjAyMTAzMTRfMTUg/MDAxNjE1NjUyMzg2Mjk0.5fEsoV5iTPP-ObXUKh8xQGRa0_M91E_bZyYMU8i4z2gg.qk_wzmuzJH7hQ0u2iAXzrK2TlSTfRFTTRNfOt_sC8Twg.PNG/image.png?type=w1200,83,79
219,Jessa,Jessa ultra binden active shape,https://post-phinf.pstatic.net/MjAyMTAzMTRfMTk2/MDAxNjE1NjUyNDQ2ODYw.NYkxm7HBlVidtVoqNrHw8cSlwjfU5HIzkK31LNaZiJgg.FgX3gPH5O0M5RMSRbkfEWyj67H7-5kot8RzdDdH0dwEg.PNG/image.png?type=w1200,-600,309
220,U,U BY KOTEX(ultra sports medium),https://post-phinf.pstatic.net/MjAyMTAzMTRfMjU2/MDAxNjE1NjUyNTAzMjkw.PEkwbBhcOaVKCTyPmAFd2UwT-cQ8nPNwyDmkNJB2S2Yg.Bi_78ZzNe0P5bmwtbvcWUKfjGiAuhWme4SqOODYO-Csg.PNG/image.png?type=w1200,-1328,380
221,Jessa,Jessa ULTRA-BINDEN DRY COMFORT,https://post-phinf.pstatic.net/MjAyMTAzMTRfMTA4/MDAxNjE1NjUyNTYxNDE5.PvubaIE-Ke7FejBmvDtnxzl0g0GV0JpD1jYK_UwcIB0g.5Sa-ZwIA1L7b27Ak0IiTm6eflzs2moLPxwimWXgftnMg.PNG/image.png?type=w1200,-267,229
222,Seventh,Seventh Generation Chlorine Free PAD(오버나이트),https://post-phinf.pstatic.net/MjAyMTAzMTRfMTk3/MDAxNjE1NjUyNjI3NzE1.v9-4pMS878N4_yFAAh9ahwh37nYf1dRAMVzOT23rX-wg.BeALwIizLCERQDRG1Ckrsg9uhhrjeF_yyhmcGFYtTscg.PNG/image.png?type=w1200,-2969,415
223,TOM,TOM ORGANIC SUPER PAD WITH ORGANIC COTTON,https://post-phinf.pstatic.net/MjAyMTAzMTRfMjIz/MDAxNjE1NjUyNjkwMTQ3.jV6SIf-pjrzbZw0GJ1bjt0xs4XDNBPl0y4czPJnQYccg.oOfhtFiDmj12IDZpOfNA_iwtdcR6EQXswklIUITca58g.PNG/image.png?type=w1200,-421,271
224,TOM,TOM ORGANIC REGULAR PAD WITH ORGANIC COTTON,https://post-phinf.pstatic.net/MjAyMTAzMTRfMTYg/MDAxNjE1NjUyNzQ3MjIy.StTPCoX7_cGD68BYi-rVYeukvFKARjxKqxCQX_NmCeYg.9v2NKP2iMeXaB1CLJbVwqljINCD-heK0-7XwQ3XSvHIg.PNG/image.png?type=w1200,-1474,389
225,로리에,로리에 행복 피부 시리즈,https://post-phinf.pstatic.net/MjAyMTAzMTRfMjE4/MDAxNjE1NjUyODY5NjM1.Mw47Xt1nYiGrNd99XnV3UCBOHx7eAj3JlC8yYxDsruog.6iWQHadWbKzSKwXHBIp6ItJs0dgDG2avJgyw0ub4Eh8g.PNG/image.png?type=w1200,-21,142
226,yoni,yoni chemical free protection (medium),https://post-phinf.pstatic.net/MjAyMTAzMTRfMjIx/MDAxNjE1NjUyOTIxMDQ4.l5WZi5V2v5ijd0BnTpW1eZ8SNfHkMqTx9j6L8Jv2iQQg.oEKIBj_iCgPfVGtqNJ7iVYdVcMQdTj2yoDw6fHmIjmUg.PNG/image.png?type=w1200,-275,232
227,yoni,yoni chemical free protection (heavy),https://post-phinf.pstatic.net/MjAyMTAzMTRfNDMg/MDAxNjE1NjUyOTY5MTI5.CFSJTW2sLquPgJKLhVYRD8T6cb5Q1U2nBJuCqgAvcSIg.xUaNyXBNrHOBeQSMinkd2_tFLa22pUb7YPEv7O0pBl0g.PNG/image.png?type=w1200,-785,336
228,always,always infinity flex foam - heavy flow(위스퍼),https://post-phinf.pstatic.net/MjAyMTAzMTRfMjU2/MDAxNjE1NjUzMDE5NDA0.4WTQXxtShQI_2hvVl20okv6Mzm0vhc-QSl0feTP2_d4g.UaCdc76Yr_5cBMZvg4vA0n-Tb2MIDw7GiXbPOQ-CgQ0g.PNG/image.png?type=w1200,-3520,420
229,always,always infinity flex foam - regular (위스퍼),https://post-phinf.pstatic.net/MjAyMTAzMTRfMTU2/MDAxNjE1NjUzMTA2MzMy.v9EDQZF0xdrZqRMah0rZ1UtcnVyae_NhdMh8IhoUqmQg.9ncXs4eTbdUuXONzMoXQ7gPHRKr5HMxH5elj37LARkgg.PNG/image.png?type=w1200,-3404,419
230,소락패드,소락패드 중형,https://post-phinf.pstatic.net/MjAyMTAzMDFfNjYg/MDAxNjE0NTk4Mzk2ODQ2.KxzSdSFMhJPMKqp3n4NIcHwgJJH8Q037mEpqzFgLt_Ag.ybdOvXVTfpEd56IlLINFksGO3E5I5lgk5CAkQS--MVQg.PNG/image.png?type=w1200,-1659,395
231,소락패드,소락패드 오버나이트,https://post-phinf.pstatic.net/MjAyMTAzMDFfMzIg/MDAxNjE0NTk4MDcyNTE2.njDIrTDlVtnx-qY5G-U8y6qfeO4466Si5qHpmvK878Mg.US9eDHLiGv34E6M0aci-eXHIVCFWD3WqhWcAWI3XQZIg.PNG/image.png?type=w1200,-7864,434
232,면생리대,면생리대 달동무 (오버나이트),https://post-phinf.pstatic.net/MjAyMTAzMDFfMjgg/MDAxNjE0NTk3Nzg1NTc0.x3-lTWaR9N7loKuNPHsk1WuzbFVjGT8ADEmLU64xccUg.zMxgsNeC3IyzVmhkQCnx3a-8Yzks47IcdjINFAqQ8MQg.PNG/image.png?type=w1200,-2149,403
233,오늘,오늘 그날 면생리대 (중형),https://post-phinf.pstatic.net/MjAyMTAzMDFfMTkz/MDAxNjE0NTk2ODk0ODE5.1vGDdcqAlakOtbBS3cjO2fm5fr4rtJM9RP3HH200kK4g.gSdKZ9UV_J2oWb2JQaJjWYL1zePNOB_0vKK7LO6PUg0g.PNG/image.png?type=w1200,-588,306
234,코튼,코튼 리퍼블릭 내추럴 특오버나이트 면생리대,https://post-phinf.pstatic.net/MjAyMTAzMDFfNjMg/MDAxNjE0NTk2NDkxNzk4.Q61fpizFIzZBVdtrcZRtLQ-p-lugTlgEiaNMlA6kP2Yg.mKXa7kGcm_gp_Nob-NL_29-MVtUerZy7jlpvmd2qgS4g.PNG/image.png?type=w1200,-987,347
235,위즐리,위즐리 (중형),https://post-phinf.pstatic.net/MjAyMTAzMDFfMTgw/MDAxNjE0NTk2MTU0MTg4.1yWqWSH-Mp6lZtKwAxyknycM-wic8_61EME9k1tKpocg.QrLsQNzSxR9skD0QESpkypke9Ltvzv8spePbpUZIjnAg.PNG/image.png?type=w1200,-79,163
236,위즐리,위즐리 (대형),https://post-phinf.pstatic.net/MjAyMTAzMDFfMjE3/MDAxNjE0NTk1ODM0NDY4.pzSft9OYrhr3wGoX-wDVH4xiRojawXXUxw0VSAaDfRcg.JkeNmfvL3feEICu0fUp2bHAxHQnfk76d7OeHi7ZP5iAg.PNG/image.png?type=w1200,-112,173
237,위즐리,위즐리 (오버나이트),https://post-phinf.pstatic.net/MjAyMTAzMDFfMyAg/MDAxNjE0NTk1MjI4NjI1.402YPAdF1SZmo9IoesvNvBBa7tqM6RPzumZ8PMWzsfYg.CwIxAaNm2gNo8F9DfjEQx2mA27ffurkpHfiQB_J-WpIg.PNG/image.png?type=w1200,-773,334
238,위즐리,위즐리 (점보나이트),https://post-phinf.pstatic.net/MjAyMTAzMDFfMjk0/MDAxNjE0NTk0OTM1NjQz.Q0T0S3KR3mT3hm2odOVHW2RodXe8ME3idvgToTj6PvAg.Sh6AkXKCddWHt6IKLoXxjUjk3zS4oGxmxCAHWn361_Ag.PNG/image.png?type=w1200,-2490,409
239,위즐리,위즐리 (소형),https://post-phinf.pstatic.net/MjAyMTAzMDFfNDAg/MDAxNjE0NTk0NjEyMjU3.kNLnhc_FUawk9ydMV1Mm6_UnJOhZGo1dsBELTyZkZcIg.2Mkp_GQQdqX33lCxeoriTTewBy6gaI4SEZOGCTCMSdYg.PNG/image.png?type=w1200,-1179,368
240,오늘,오늘 순면 생리대 중형,https://post-phinf.pstatic.net/MjAyMTAzMDFfOTAg/MDAxNjE0NTk0MjkyMjI1.43kCUbyMhoQ4KFEBuxmegcrayY-NIuHB0CE1KQpFqTgg.SYGoxJKJPloR1wcchCkz-x1pqupCI5I_oCnnd7I3nEAg.PNG/image.png?type=w1200,-295,235
241,오늘,오늘 순면 생리대 대형,https://post-phinf.pstatic.net/MjAyMTAzMDFfMTM1/MDAxNjE0NTkzOTIxOTQ1.3zMCJW8_AxbHk1g1JHGBkrWLdBzelKFD1AtbP1x7qsog.g8aH-WupWvVTBO5hnA23D0eQbgQc-bCRNhCD7ZJ6t3Mg.PNG/image.png?type=w1200,-239,220
242,로한,로한 플라워 면생리대(레귤러),https://post-phinf.pstatic.net/MjAyMTAzMTRfOTIg/MDAxNjE1NjU0NjQ5MTA3.Z44K1Bl-2btOiRh-d_VOoBfnBrWqrrF8DwrLSzY5ThMg.9Q2BJCkOZWuV2XztSDEtJAPS9zxH5Q5PDhPqboFV2W0g.PNG/image.png?type=w1200,-152,181
243,콜만,콜만 패드 헤비 플로우,https://post-phinf.pstatic.net/MjAyMTAzMTRfMjY3/MDAxNjE1NjU0NjAyMzAz.Ffb7up5ndT2-Z2yNgEicoFhURwfXCJ1olnfgPEQOHSQg.S4RPB9F-1-NFmRAfAUPLcklokXH6Sz5zR3gr0lV8thsg.PNG/image.png?type=w1200,-143,180
244,콜만,콜만 패드 마더레이트 플로우,https://post-phinf.pstatic.net/MjAyMTAzMTRfMjgx/MDAxNjE1NjU0NTUxMTAx.MTA69JkD5Ud2xnX4aZrW4vtCFnO3ptG7zIaHshNQWqQg.aEHotobajPLEoUci-_LPJsfKcBx_Z1V6_FE9GqF2mHUg.PNG/image.png?type=w1200,93,67
245,누르,누르 울트라씬 날개형,https://post-phinf.pstatic.net/MjAyMTAzMTRfMTU5/MDAxNjE1NjU0NDk5Nzc1.Kw8oQ202gL2gdmy0YdHiKIWBCL0RyBgK3aU1K-YztRUg.jJaxmPJwJ0UoHN3-95TQPlRXzKGOQK2GpFci7Q7fh6cg.PNG/image.png?type=w1200,-475,287
246,프리냅,프리냅 생리대 (오버나이트),https://post-phinf.pstatic.net/MjAyMTAzMDFfMjY5/MDAxNjE0NTg1NjEwMTQz.u7Zf7XAxxJyAOR1uAQie18BGw9wSWF3tnl4u5cntJVYg.tEoH8AU1PmHbOAqymtBmPuxSEiRXIO31Y9SWwlUO2xwg.PNG/image.png?type=w1200,-3341,418
247,허밍스,허밍스 휴 울트라슬림 중형,https://post-phinf.pstatic.net/MjAyMTAzMTRfMTQy/MDAxNjE1NjU0NDM2MjIw.kldOskvTaSJhrY1jnMl30PLemVW05oGVTgYiCCDb9cEg.HzVDEVsRre9sAcAZn3SR5ul2Lp0BtmLKTqPCdASpa3wg.PNG/image.png?type=w1200,-12283,439
248,아임오,아임오 뉴 울트라슬림 윙 중형,https://post-phinf.pstatic.net/MjAyMTAzMTRfMjQ2/MDAxNjE1NjU0MzgxNTUw.fYjoZGujfbGcQrua3wInqE5TvMoFfNQQ9xh_aoaVEmMg.EgiKrq8EMtBCim2FgjjUphHSlhuAfwCT2I58dGpPIE4g.PNG/image.png?type=w1200,-186,197
249,아임오,아임오 뉴 울트라슬림 윙 대형,https://post-phinf.pstatic.net/MjAyMTAzMTRfMjg0/MDAxNjE1NjU0MzI2Mjky.d0PF7PxSNYgKEuc6N8eER_AlWhdFMn28dIbrXSG7QvUg.k4O2hzuDlo7UtnEjILfVlg9Q4ve0vkvE5k3PH5Lbqdgg.PNG/image.png?type=w1200,-221,216
250,아임오,아임오 뉴 울트라슬림 윙 소형,https://post-phinf.pstatic.net/MjAyMTAzMTRfMTgx/MDAxNjE1NjU0MjY0MjQ5.GQkdy7jXsu6ZavJ1lEIDmyLe4QNC6M6j5ud04Je7pnEg.Rz6e07ahFykAbv24JIWLhMcOZOTDyv76bUOvuGZNfscg.PNG/image.png?type=w1200,45,113
251,네띠,네띠 슈퍼 날개형 중형,https://post-phinf.pstatic.net/MjAyMTAzMTRfMjYz/MDAxNjE1NjU0MTQwODE2.bkrFKXz-C58nm5t8to1jTKsvdpybNJevalWpTr0EZRAg.rP7D4yKzfxewfC087mblOrTO0-CUrLk46wCFWY-8S2Ug.PNG/image.png?type=w1200,-162,188
252,비오인티마,비오인티마 조르노 코날리 생리대 중형,https://post-phinf.pstatic.net/MjAyMTAzMTRfMjMw/MDAxNjE1NjU0MDkzNTc4.tlJh8Wo7aEONkkj8ESnVby1al7OwB9rgMvNr8hqcS0Ag.oi6BCHCZGJBKO3hCosbIZN9XqlmwUMx_k_yaJlzksNwg.PNG/image.png?type=w1200,-67,158
253,고래,고래 울트라슬림 중형,https://post-phinf.pstatic.net/MjAyMTAzMDFfMjE1/MDAxNjE0NTM4MzI4NDc1.kH5H4aYXXZB3C1ZAK0Sd_sy-pBw1YWqvKZwDMjyeiHog.oGEXq87LTZJyjdCnx6bbLSeSRmkTPeOlKRd8_Se5hQ0g.PNG/hj.PNG?type=w1200,-340,245
254,고래,고래 울트라슬림 대형,https://post-phinf.pstatic.net/MjAyMTAzMDFfNDAg/MDAxNjE0NTM4MTY3MzM5.2NTxmTx_pK3kIAKWjwFJ5sludhFsqg5cLa9zp-UMi1gg._7CmzgnB47UFHvDbrCCNdSIQJzQ2-xUARayetBMhlkYg.PNG/fgh.PNG?type=w1200,-353,251
255,고래,고래 슬림 오버나이트,https://post-phinf.pstatic.net/MjAyMTAzMDFfMTcg/MDAxNjE0NTM3OTkzMzM5.CJnVpOORXNV7NmYle4uZXhfCicTt3ONBqX6xEOjvACEg.5SFnW0k2b-nHz91kxgECU1zI2TkbXc74ciI_YDYts0Ag.PNG/ty.PNG?type=w1200,-1278,377
256,OZ,OZ 생리대 중형,https://post-phinf.pstatic.net/MjAyMTAzMDFfMyAg/MDAxNjE0NTM3ODUzNjg3.HVJ7H20SfvrrAbpr1MyD2m47JoUtL2JzPLVUwxxGQiUg.waOc8iWT5hTuNX04X2NYmAAcMLhz26tYI1rquMeQUTUg.PNG/ergr.PNG?type=w1200,-662,321
257,수미인,수미인 면생리대 (오버나이트) (분홍색계열그림인쇄),https://post-phinf.pstatic.net/MjAyMTAzMDFfNzkg/MDAxNjE0NTM3NTQ3NDk4.aOLElKzDYOVrjZiQYvg-1KZYIgxhRAsXjdFx13UXV78g.5oAk8JG_cVe3Z_h5RdONkuj5iDE8XETY8nTnytuvLtMg.JPEG/image_3185927081614537526637.jpg?type=w1200,-4599,425
258,러브유,러브유 허브데이 대형,https://post-phinf.pstatic.net/MjAyMTAzMDFfOTMg/MDAxNjE0NTM3MzI4NTk5.MYoZfQc2pCXWZLOdQOaFnz2QGts2rDcDim08NWmRtSQg.0WSYULEDYdhX0xoOk0jLxWJEOPZkp6ssHWRZowcc3_gg.JPEG/image_6885611181614537318907.jpg?type=w1200,-429,275
259,러브유,러브유 허브데이 중형,https://post-phinf.pstatic.net/MjAyMTAzMDFfMTM4/MDAxNjE0NTM3MTgxNzcw.FTtqGuR3VRZxlndyKvWVDhaEiv7NYReDqb21Zv9IABMg.KhQs1mHD9O8nz-7I3P0f-7sX75dPkg-sdTRTpAFYXw4g.JPEG/image_8790803691614537169729.jpg?type=w1200,-235,219
260,아이스마일,아이스마일 생리대 (데이),https://post-phinf.pstatic.net/MjAyMTAzMDFfNzgg/MDAxNjE0NTM3MDM0MzI1.wkHLm_xmR6WcqNBiTdyCUo6SYziDaGx0T9crYE_oNbsg.IdYIHDXCzpDEuN9jnhJVA2OSdEyqHtJmXCabrEqvjdEg.PNG/r.PNG?type=w1200,-410,268
261,아이스마일,아이스마일 생리대 (나이트),https://post-phinf.pstatic.net/MjAyMTAzMDFfMzkg/MDAxNjE0NTM2NzgwNTI1.F9F50cChHdl8N6MdOrkwYyGK51CJUI7svT1FEQeKZBcg.bvuXPnIfsjqy2My1u7nlsanr6XodSCT-BJ1S6i5DY9gg.PNG/SADF.PNG?type=w1200,-1177,367
262,퀸비패드,퀸비패드 면생리대 중형,https://post-phinf.pstatic.net/MjAyMTAzMDFfMTE4/MDAxNjE0NTM2Njg4Mjk2.xNm2KiQFC-BzoD044tUcpLQlyzDfLkBF68kebS37Wekg.H0f85gZrwmQdZSapcG_DQxa7Z-CzlYGZKMtyC_9RE5Yg.JPEG/%EB%8B%A4%EC%9A%B4%EB%A1%9C%EB%93%9C.jpg?type=w1200,-2897,414
263,퀸비패드,퀸비패드 면생리대 대형,https://post-phinf.pstatic.net/MjAyMTAzMDFfMTky/MDAxNjE0NTM2NTk1MTcw.-GwRaauQezVR1lg_vTYDz6AYNEjg-u4uiL3LQ4f7R0og.sSjy1PF5tHhnBFepuHjfYgsMDPGIPEvm38b87Dr8VZEg.JPEG/%EB%8B%A4%EC%9A%B4%EB%A1%9C%EB%93%9C.jpg?type=w1200,-1647,394
264,퀸비패드,퀸비패드 면생리대 특대형,https://post-phinf.pstatic.net/MjAyMTAzMDFfOTIg/MDAxNjE0NTM2MTE2MTU0.oJPw8HLYalrd1YN-L6upsckZMMihzwxazJkDbdQklI8g.MCd1GGLL0tiDBtiTrL3Qx52uKrW800eYEo1NtGWtHKMg.JPEG/image_4881920771614536100280.jpg?type=w1200,-1445,388
265,코튼,코튼 리퍼블릭 슬림라인 면생리대 (소형),https://post-phinf.pstatic.net/MjAyMTAzMDFfNSAg/MDAxNjE0NTM1NTY2MzQw.FSwnGoae2fIxfSUMXEUyfBLHU1tiRlHtARrwRBPvf68g.BI9lWv-GfuMpa1viU_RC5365ZfbYYZNonspJPPOreigg.PNG/fdfgd.PNG?type=w1200,-1395,384
266,프리냅,프리냅 생리대 (나이트패드),https://post-phinf.pstatic.net/MjAyMTAzMDFfMjg0/MDAxNjE0NTM1NDA2MTI5.meDu-HtiS-cDZRUFzVgYKoclJsxPWF_qEmK0vmFXuxIg.uf_Q1TFOa4Pg-5C7aKrQLluOVB2Y8-Uzgi8Dq5PcRuEg.JPEG/image_512932451614535393096.jpg?type=w1200,-368,256
267,베프,베프 중형,https://post-phinf.pstatic.net/MjAyMTAzMDFfNzEg/MDAxNjE0NTM1MTAyNjIx.M3gQDdT31aumBr5PFGSWH2Rn1xBDxjQbADGywLi1UkYg.G3GqFeL-nS0AZSPDwVsb8Lk9K2hrrWxGuJaFskEsIokg.PNG/nbn.PNG?type=w1200,-595,307
268,이채,이채 플라워 면생리대 (오버나이트),https://post-phinf.pstatic.net/MjAyMTAzMDFfMjk4/MDAxNjE0NTM0OTY3MzY2.SoiFlAQy4SpYYiqIksMdNzbwBeTe4e2QzDxWTTS0k04g.iId-mylsJrjApoQML3svY1OnLaXiN-1oUekEXqemFHog.PNG/tth.PNG?type=w1200,-3069,416
269,한나패드,한나패드 슈퍼울트라 오버나이트,https://post-phinf.pstatic.net/MjAyMTAzMDFfMTQ2/MDAxNjE0NTM0ODM1NzI2.dqP1hHQC8Aem-3IRw7zIZDKJtr1zDYKTUx_9TpIhhK4g.-o2xwp31DKWwSTC_whYky16wqMsoIKYU0A94IIsDKFgg.JPEG/image_1840353521614534817765.jpg?type=w1200,-1167,363
270,내츄럴코튼,내츄럴코튼 시그니처 슬림 대형,https://post-phinf.pstatic.net/MjAyMTAzMDFfMjIx/MDAxNjE0NTM0NzE3MDg4.KzyTJmKDQ4sl_8kXZl2gmcCAdkA-jLFGNoNxAcsiqQwg.fTAMgK_2LqtOk34Fc3T0VlkOAouLpKD6Rw9DlsEA76gg.PNG/dfdfg.PNG?type=w1200,36,118
271,애니원데이,애니원데이,https://post-phinf.pstatic.net/MjAyMTAzMDFfMjM4/MDAxNjE0NTM0NDgxOTU4.FC3WkQ9BWLb-AnUDndb0hgjREwCSWuONMjw1VpOfMYwg.vpfqBTW0B6HdZWHno54EpJJcwGqBOPbnsgq6fXnqbIAg.JPEG/image_4821574111614534468948.jpg?type=w1200,-1380,382
272,비너스,비너스 매직 코트니 울트라,https://post-phinf.pstatic.net/MjAyMTAzMDFfMTU2/MDAxNjE0NTM0MjYxMDky.BV8PwhbykVDCQp3_512MaN7Wv4AnqjVOYnAh5KgZIZkg.Ji9xrv5a9ZQitSxCbnq9Q0b941LY4ipqI525xdbhr-gg.JPEG/image_4059206441614534240608.jpg?type=w1200,-983,346
273,제이투엘,제이투엘 본생리대 (소형),https://post-phinf.pstatic.net/MjAyMTAzMDFfMTg2/MDAxNjE0NTM0MDY4NTk2.6dbc3x4hbDZMv6HnkE5Z5nVPC-DZMLK2mV1sm1Ia6pQg.cykGD_T8H9SWoAp213s_-U1yWvNEcgWD5WtcynhsRhcg.PNG/nh.PNG?type=w1200,-256,226
274,본에스,본에스 생리대 (슈퍼롱),https://post-phinf.pstatic.net/MjAyMTAzMDFfMzAg/MDAxNjE0NTI4NDY4Njk3.Y3FbU7xPTzZ4EdSLfH95s-8QkcAynF_EbRItXjD6U1kg.zKn5sveswhX4OWdHFZ270cHA-unwUIkH4H382AmTKbAg.JPEG/unnamed_%285%29.jpg?type=w1200,-1244,372
275,본에스,본에스 생리대 (중형),https://post-phinf.pstatic.net/MjAyMTAzMDFfMjc0/MDAxNjE0NTI4MzAzMjE0.ZYENuaYZyugl83oEGRevb8GLMpIR7BDodW2ttwzjn8Mg.8PbJiB5lDvHK2VILE6JA-nl0YZxrfmehA-qQCO86pk8g.JPEG/unnamed_%284%29.jpg?type=w1200,-182,195
276,본에스,본에스 생리대 (소형),https://post-phinf.pstatic.net/MjAyMTAzMDFfMjI0/MDAxNjE0NTI4MTUwNzIx.yRqMHE2LEMNlKRm9oLhjmvbInrBwRoKbTKLzFY7_uyIg.eMIC5yy9LWU7XrghD1LiCNb1qzNhFjlBIbfS3D2-RCkg.JPEG/unnamed_%283%29.jpg?type=w1200,-416,269
277,본에스,본에스 생리대 (대형),https://post-phinf.pstatic.net/MjAyMTAzMDFfMTQy/MDAxNjE0NTI4MDAzODcy.uXG9ZQiq_gRATPoHMotnrvMNImWgnWNtuUoBnyr2d4gg.lDo6bI3TE3CX-RlypzFk6PpZRi4qrjsHbKzxPIbl3f4g.JPEG/image_116661631614527990395.jpg?type=w1200,-406,267
278,연생리대,연생리대 오버나이트,https://post-phinf.pstatic.net/MjAyMTAzMDFfMTE0/MDAxNjE0NTI3ODA1MzI0.rlQLG9-7y3i-oK_XVJncIPRh9RbrTlwqrOQ4fiJzj88g.EVrc4lqnI_NvHPp96-a8c1CVEOWnYOoYfl_v0t5807kg.PNG/h.PNG?type=w1200,-422,272
279,연생리대,연생리대 중형,https://post-phinf.pstatic.net/MjAyMTAzMDFfMTg0/MDAxNjE0NTI3NjU2MjYw.eCqY9soXjN1p4y6eb8STcUapEFYkH0swvbQgRPhsshQg.ok_GHikkmSIMlktyxZRaQWsHc8NVbYNLdhxOtz5lZTIg.PNG/we.PNG?type=w1200,-263,227
280,연생리대,연생리대 대형,https://post-phinf.pstatic.net/MjAyMTAzMDFfNTEg/MDAxNjE0NTI3NDUzNTA0.ZhYBA5oX_0Dpn2t7nw4RWQgMrBK5qW_JzKswoefSEmIg.-g3B3c7BnQfs8x2AeVVJzjBOt2oGwrkg_zxurHpgDKQg.PNG/ert.PNG?type=w1200,-428,274
281,오늘그날,오늘그날 면생리대 (소형),https://post-phinf.pstatic.net/MjAyMTAzMDFfMjM1/MDAxNjE0NTI3MjQxMTE0.EA4g50LQ76-QfyX6y7k7ho8vqGEYt1x-RJK-6-xOVHQg.8JOPqriXbNd51TJnQfP8IK9uuS6c26_Nk-LAyD9xl-wg.JPEG/image_222964841614527225494.jpg?type=w1200,-807,338
282,면달셋,면달셋 큐티 면생리대 대형,https://post-phinf.pstatic.net/MjAyMTAzMDFfMTE0/MDAxNjE0NTI3MDI5MDg1.ZMoWLX2fH93DuK-iN2dUKYmkBAJprvt3xHvTXJUXcCMg.FqHE5xqjSkYumVVqbkDj825kClTLtOvKbskrYQ_-g3Qg.JPEG/unnamed_%282%29.jpg?type=w1200,-2581,410
283,면생리대,면생리대 달동무 (일반형),https://post-phinf.pstatic.net/MjAyMTAyMjhfMjg0/MDAxNjE0NTExMzU1MTIx.KWW9N9X4QU-AwrvLVI-cQRj0vMGqMG02g2zTvjkVigIg.BRDUAzigxhC__CWDWFZkNMcQIvCydTz6k27ieuq4-gIg.JPEG/5c979ec4d9b92.jpg?type=w1200,-154,183
284,슈베스캐치미,슈베스캐치미 슬림 대형 생리대,https://post-phinf.pstatic.net/MjAyMTAyMjhfMjI4/MDAxNjE0NTExMDc3Mjcw.qL9MUeH0aF6Ow2Jkktf4QFTOV0JlZS1-zsb2RNt2rq8g.uhSxSCxnZN4NtM3p9bTxrtyPpLCMlt9Up4q2iDOI0qIg.PNG/nb.PNG?type=w1200,-69,160
285,슈베스프라이데이,슈베스프라이데이 울트라 슬림 대형 생리대,https://post-phinf.pstatic.net/MjAyMTAyMjhfMTEy/MDAxNjE0NTEwOTExODcx.HJGRq_FF7-3jcjgvG9qwMZTr3tRgePq8gnTeplQnkmog.i5ewgvbAkqsqIBKdyn3kammuXRE8HyM6AkjJoFg3-Zkg.PNG/ytu.PNG?type=w1200,-250,223
286,슈베스프라이데이,슈베스프라이데이 울트라 슬림 중형 생리대,https://post-phinf.pstatic.net/MjAyMTAyMjhfMTA4/MDAxNjE0NTEwNjIyNTMy.ZhDOAl5k71Ry97ug0trr6D0tNFXmVAoyvxqaYwCfwd0g.QTWc6p0KTDvL_umNg43NlpcaR18lBxgiO3VSr-PfvXIg.PNG/tryrt.PNG?type=w1200,-203,207
287,슈베스캐치미,슈베스캐치미 슬림 오버나이트 생리대,https://post-phinf.pstatic.net/MjAyMTAyMjhfMjA3/MDAxNjE0NTA5ODYwMjQ2.FcFcuKKVejMSDHioshTrO_n9LF_HuFxTZO10hb_47NQg.DD6YX3RS5v_xVTVyna9yzmUGyxkuflQbx0I_WuLGY78g.PNG/uii.PNG?type=w1200,-33,145
288,슈베스캐치미,슈베스캐치미 슬림 슈퍼롱 오버나이트 생리대,https://post-phinf.pstatic.net/MjAyMTAyMjhfMjI0/MDAxNjE0NTA5NjAwMDE2.cHDVKPRyUCkKnWScBz_5GPgyvOxzeesKTmRCXP5KTrEg.p3hhQJ8XrKEEiCytdc9Sbx0TDCaMsBiLs-Bsq7p2_aYg.PNG/ty.PNG?type=w1200,-505,292
289,지쿱,지쿱 그린순면 울트라슬림중형,https://post-phinf.pstatic.net/MjAyMTAyMjhfMTE5/MDAxNjE0NTA5Mzk1NTQ4.xv1D_oVAZCMmT3KK-V_Y4k3ks-ZdefYq58r1t-Q7Tbcg.7rdulzDd6Y_gP6syK-Jg6bw4CICt7jJPIAfOCJpiunYg.PNG/dfewr.PNG?type=w1200,-430,276
290,데이위드,데이위드 프레쉬 씬 중형 날개형,https://post-phinf.pstatic.net/MjAyMTAyMjhfMTE5/MDAxNjE0NTA5MTYzNzc3.0ThYiTg7tFkX9okLbfI-gd6q8UX-_kshbpUXx9aaTLYg.jqJa8d25CjdNNwJXG9dLELJMDzjwBYBw06gDtZ23gUQg.PNG/wqe.PNG?type=w1200,-201,206
291,데이위드,데이위드 프레쉬 씬 대형 날개형,https://post-phinf.pstatic.net/MjAyMTAyMjhfMjMy/MDAxNjE0NTA5MDI1NTQx.u0Gm-rKNvG5xdpZ2BkrWyr_4vn9qUebpd_Y7TOjGPggg.cLmtM-xMzReJfquYkm5Njn0FFtrzQNkYLClYKSlnWqwg.PNG/rtrt.PNG?type=w1200,-454,281
292,쏠렉다움,쏠렉다움 소프트 슬림 중형 날개형,https://post-phinf.pstatic.net/MjAyMTAyMjhfNTUg/MDAxNjE0NTA4MzU2MzQ0.jUtszG4bmRu8WZdoaGjM_fQua3NNV5yea2e3Evnb8DQg.Na_ksdsoszlA4dNpxkRBjlB_yjD2f-nX6yu0UP-fFhog.PNG/er.PNG?type=w1200,-537,297
293,허그미,허그미 순면커버 대형 (날개형),https://post-phinf.pstatic.net/MjAyMTAyMjhfMTEx/MDAxNjE0NTA4MTg5NDIy.1IOP_NZPO7LUWHHmCnBLJ-I9rL89nnSd7YQKddBUsKQg.B-CsJyu4A1Q1Lq8-AjG9G_SddGMqJOxhhGpa0fk-WjAg.PNG/ghg.PNG?type=w1200,-1016,350
294,허그미,허그미 순면커버 중형 (날개형),https://post-phinf.pstatic.net/MjAyMTAyMjhfMTE0/MDAxNjE0NTA4MDEwMjg5.81Ba8YfLmXV9hicLfwGk0Ff95gpz0hIu7arb2NNUQQQg.sgivqsW0PgIJ4HQDLFVsDM193nZWvyuY2KLwfNKH-cog.JPEG/215025148079.jpg?type=w1200,-152,181
295,라본,라본 생리대 대형,https://post-phinf.pstatic.net/MjAyMTAzMjFfMjcg/MDAxNjE2MjU0MzE3MjI0.YD2HAyPQtAcuyvcifd7VkWdASvTJfSPRwRqBBXlql90g.AFK_ca9SAhgdVq2vZOw0x52CvyQ3Ncs87ntG4GUljmMg.JPEG/image_2447810161616254296183.jpg?type=w1200,-53,151
296,데이위드,데이위드 슈퍼 소프트 대형 날개형,https://post-phinf.pstatic.net/MjAyMTAyMjhfMjcx/MDAxNjE0NTA3Njc4NDU4._v682_ZggIzLvhPRPquofv97Qy8BAGr-Cz00zRiwjmMg.cUZjWBy9dgwYPp0uDto3eZiEiYbmBACTwTCljbumdKwg.PNG/dfddd.PNG?type=w1200,-1255,373
297,데이위드,데이위드 슈퍼 소프트 중형 날개형,https://post-phinf.pstatic.net/MjAyMTAyMjhfMjAz/MDAxNjE0NTA3NDc4NjAy.k_8oOcrZSbcH-b7Ix2cQNGPPcQ-sWBuRMkL4tLiN5Zog.BzO3rIDEyLOelhg6NLtC7164ALU-4DuzJDjNb7CM1d8g.PNG/sd.PNG?type=w1200,90,73
298,한나패드,한나패드 오버나이트,https://post-phinf.pstatic.net/MjAyMTAyMjhfMTYw/MDAxNjE0NTA3Mjk5ODk1.LnI5ygeJ55B5a0JDFhJ6_5SbsC4-XIVZ_D573fZl4rgg.WpyiqhWHq9y44SNQkyz57xwc9qkjJH6n9fbEFwdGFdEg.PNG/dfd.PNG?type=w1200,-330,240
299,비오인티마,비오인티마 노떼코날리 생리대 대형,https://post-phinf.pstatic.net/MjAyMTAzMTRfMjMz/MDAxNjE1NjU0MDExMzQ1.DovGh7nm0Stvup9iXpDqaLqtdragdguPu6aI79SKRcUg.eTSQaeTrqquIMramvZmS96nKE5TXBqKOKFYiAB0GTUgg.PNG/image.png?type=w1200,-461,282
300,베프,베프 대형,https://post-phinf.pstatic.net/MjAyMTAzMDhfNjIg/MDAxNjE1MjA5MjM4MTY5.1ng417FyIotAXroW2CG5n-72MXMZlS26Ord-QA5gnTwg.g4vUTLk4SKDBh1y08Bnl8HCPB9PpL5_65absXAH3Pqog.PNG/image.png?type=w1200,-624,318
301,뷰코셋,뷰코셋 바이오 롱 윙 생리대,https://post-phinf.pstatic.net/MjAyMTAzMTRfODAg/MDAxNjE1NjUzOTQ0OTI3.Fp5gbDwO5OAEQ4p6CJI8sANZsr5GFPrN9v3p5Umyn7Ug.HDPcQUkUAJRt55cmDRqgyav63AGvr8WH-rOKRa9voiMg.PNG/image.png?type=w1200,-488,289
302,뷰코셋,뷰코셋 바이오 노말 윙생리대,https://post-phinf.pstatic.net/MjAyMTAzMTRfMjM3/MDAxNjE1NjUzODgzNjA3.vWtAeRSS9y-h6PRsJeLXN1dleccR1F8OBWakuOlBZmIg.yrCeHjGoOMub8mSw1EtIO8fJJm66sbmaErMdbs6weHYg.PNG/image.png?type=w1200,-681,322
303,홈플러스,홈플러스 시그너처 나를 위한 건강한 습관 순면 중형,https://post-phinf.pstatic.net/MjAyMTAzMTRfMTA1/MDAxNjE1NjUzODI4NzY1.C_il6WUuyIENImzXrxKgEnI-fE-Yb6olJTnQI5lDVQEg.lkmf7wKmpjK3VUNFlBi9LAsH_vebX-DPiO9MQHKP4VQg.PNG/image.png?type=w1200,-1181,369
304,하얀하얀,하얀하얀 대형,https://post-phinf.pstatic.net/MjAyMTAyMjhfODkg/MDAxNjE0NDk0NDEzNDY1.NyBZxIccNKWxm5q32UjyBwyXXzGaM3487xd5W9cy-u4g.A6JktCW-ykPj0ylEYmtKclkfMOOOfzqHndnqbaqxM2Ig.PNG/image.png?type=w1200,68,96
305,하얀하얀,하얀하얀 중형,https://post-phinf.pstatic.net/MjAyMTAyMjhfMyAg/MDAxNjE0NDkzOTg3MzM5.86b8UOc4fNiX2z4c7N38x6vIJWQL5xgdcEXAUfWDn5wg.6Q2LY8Et8_e8wWGvYN1JeuzAmbpxJYLWauUTUgQ5UGQg.PNG/image.png?type=w1200,-3,136
306,오늘,오늘 그날 면생리대 (대형),https://post-phinf.pstatic.net/MjAyMTAyMjhfMjAw/MDAxNjE0NDkzNjI5Njg0.G7RCyV-Uy6I8HnJ7QN9c6aLT8YnLbQuzhBtL6UNNMVEg.yWeN4dMuq4KIMaXWaMnEiwSpebEpbwE6MCTPIXI0JAwg.PNG/image.png?type=w1200,-867,342
307,레이디문,레이디문 대형,https://post-phinf.pstatic.net/MjAyMTAyMjhfNjUg/MDAxNjE0NDkyOTM0NDQ5.-5MJAr6DuMC8HkjecMxuuo3492mKeo0PHG2atUOSXpUg.wVP8EPB1-xHI-ccmfD5WZOHlVlyjeYkYNQ1JaP4sTmMg.PNG/image.png?type=w1200,-6527,432
308,데이앤졸리,데이앤졸리 울트라슬림 중형 날개형,https://post-phinf.pstatic.net/MjAyMTAyMjhfMTQ2/MDAxNjE0NDkyMzg1MDM0.HDLtCXbc5HhMTp1upjKA-O6xfJ6FZ-ptt_vIHPV26dIg.Oskrf3euUXFSsVX5T-wfIsnaAKRjf3CmfQd-3uLXSsog.PNG/image.png?type=w1200,-108950,442
309,레이디문,레이디문 중형,https://post-phinf.pstatic.net/MjAyMTAyMjhfMTg0/MDAxNjE0NDM5NTE2MTk2.7RERXdbXO6ic_n2a6LHuUPKvIiq-UW0mBeXBHrq5Pnkg.FfDnY6EdB76mArTTRjasz2a1IA87wZrKZeCD7ydhHzAg.PNG/image.png?type=w1200,-1843,397
310,젬무브미,젬무브미 특대형,https://post-phinf.pstatic.net/MjAyMTAzMDhfMTM4/MDAxNjE1MjA4OTA4MTYz.9XwQDQG0dFEaqfTUdQkdtqVjsAvWMOdtj9_t-JhZxBIg.D9H-BQsv5zpwJU3aIPS7nzhmyQRCgHE7QmNMMt9es8kg.PNG/image.png?type=w1200,-1058,356
311,클라우드나인,클라우드나인 네이처 중형 날개형,https://post-phinf.pstatic.net/MjAyMTAyMjdfMTc0/MDAxNjE0NDM3NjA3Njk0.r2E4BxtoKn0dasa-fN-JrNqe5uhvkI9vNHBaExgFB8Eg.B8gutx0PCeNorOR29UOpw_FEL8A7K_3z3ugdnkSBKL8g.PNG/image.png?type=w1200,-554,301
312,리얼,리얼 울트라슬림 허브랑 목화랑 만나 해피한날 대형 날개형,https://post-phinf.pstatic.net/MjAyMTAyMjdfMTUy/MDAxNjE0NDM2NzI2ODMw.7BUHLM2jgh9V4BvNsFdJYG3y5LHiPAM8Q-Gj12qWAZAg.6ofgK162UGPlPixnzy4AbQM8ZIpGc31CwEjqom_Jyggg.PNG/image.png?type=w1200,-1172,364
313,젬무브미,젬무브미 중형,https://post-phinf.pstatic.net/MjAyMTAzMDhfMjMg/MDAxNjE1MjA5MDA0MjU1.Uuabi5ultbgyEctJnYpqOMSc93tmVw0_yTLM-7zLdugg.DWRSB1jEL6azvoSKaMZKjQf4jFE2cy5W81r8Nb7tkt4g.PNG/image.png?type=w1200,-395,263
314,리얼,리얼 울트라슬림 허브랑 목화랑 만나 해피한 날 중형 날개형,https://post-phinf.pstatic.net/MjAyMTAyMjdfODEg/MDAxNjE0NDM0OTI3MzQw.K8mpYWKxFBl4xy8AIb_HaXK1esALc3xoaSHEb1MZE5Eg.7LtMCYpYNMeas5V7cqoABOqn-El5zfAc-GGBpJs3G7og.PNG/image.png?type=w1200,-470,285
315,한나패드,한나패드 소형,https://post-phinf.pstatic.net/MjAyMTAyMjdfNzEg/MDAxNjE0MzcxNjUwOTYw.NioUFrXFoKI0DFTZrQ9xj6p6w-Di-vv3Q4yjgUwK_eUg.f4BJAV9AQgD7lVUrIXOZ-Updsci2LqIkXro40X17vrcg.PNG/269_tmp_d2d0ac7ec9f665a3ddfe37df97b75cf55818view.png?type=w1200,-1082,358
316,라본,라본 생리대 중형,https://post-phinf.pstatic.net/MjAyMTAyMjdfMjIx/MDAxNjE0MzcxNDg1NTE2.fpzUTfnTgH85binW9Lv2YOqGnv4-Ahp04DZdHLDTYzsg.hvF5DrOxIuXuJsoOnI_7443eg67iNopcTzthjxQ5n2kg.PNG/hg.PNG?type=w1200,-465,284
317,데이위드,데이위드 울트라슬림 중형 날개형,https://post-phinf.pstatic.net/MjAyMTAyMjdfMjUg/MDAxNjE0MzcxMjQ5NzMy.sI_weUpkZRqm9MRJD0xCbMgIoVwsu4yOtAGbV56D8XEg.PNKS3zpvDUsiXrBiC_XqNQjc6WLYCPsj9csVOexk3Ucg.PNG/fgfg.PNG?type=w1200,-545,298
318,데이데이,데이데이 실크감촉 250 생리대,https://post-phinf.pstatic.net/MjAyMTAyMjdfNjEg/MDAxNjE0MzcwOTgwOTQ4._YncRODmZA3O3GsFRGtrYGjGE5qzGq4hhsgpU7RjGV0g.NRrzJ6XkzOzy64PSDvO91j4WglFXsd0Xa_RKEt3rbFEg.PNG/vb.PNG?type=w1200,-533,295
319,데이데이,데이데이 실크감촉 300 생리대,https://post-phinf.pstatic.net/MjAyMTAyMjdfMjI4/MDAxNjE0MzcwODA1OTM1.qruSe4LXRUd8feyLbJu_pRzN1UTj8X24XJFuu7XSGEcg.YgTiODC8W-DNOOQF4eo3slufVXtvBEGUtqpQU9hPRfog.PNG/vbv.PNG?type=w1200,-700,326
320,데이데이,데이데이 울트라슬림 중형,https://post-phinf.pstatic.net/MjAyMTAyMjdfOTYg/MDAxNjE0MzcwNDgyNjI2.XB2XqrP-pVYUJYHWLc58_L3SSS5H8ZSsHEuWK4I_pZgg.fAzXS6vUd_l2u2Jm4KUzemoIcA7NzzcVHMGLbMvqv1kg.PNG/fggg.PNG?type=w1200,-6432,431
321,데이데이,데이데이 오버나이트 롱,https://post-phinf.pstatic.net/MjAyMTAyMjdfMTMx/MDAxNjE0MzcwMjE5NzQ3.CudgEqoGV6oW-GyY11Fefk1s6n-bwMqaKcpedq-6W8og.mzO_cqnx1ZaWbksHXsMmgU1_SSq94MGrja-Er1A-rU8g.PNG/bnb.PNG?type=w1200,-518,293
322,데이데이,데이데이 실크감촉 410 생리대,https://post-phinf.pstatic.net/MjAyMTAyMjdfMTIz/MDAxNjE0MzY5OTIwMTY1.Gxe_eAPwV1TaXv4ER8IX4Fx5Bog_vYV7RqCQWFaCjUkg.ylGy0vJ_RyqkzLAYA1XpVuxOus5rTPlptFBxxiKq_UIg.PNG/nm.PNG?type=w1200,-2229,405
323,데이데이,데이데이 울트라슬림 대형,https://post-phinf.pstatic.net/MjAyMTAyMjdfMTM5/MDAxNjE0MzY5NjI2MTMy.bOXvGEUFUxLPbSRuB-SuzIVDTyIkvwdlYyJXgNDMSeMg.7qoBJaPECEkjAyPgx8RBnkco_wZVTKGSsNAS_KGfdg0g.PNG/kk.PNG?type=w1200,-9185,436
324,산들산들,산들산들 생리대 중형,https://post-phinf.pstatic.net/MjAyMTAyMjdfMTk1/MDAxNjE0MzY4OTU4MzA2.lh8oXJvA-ccJw__Upt6KsplbGjEwXkHfPsQh8s2dPmcg.JB6phxRWuXfmKL6U-ZF7lB6VvKLD9VHd6iTH5op-DnUg.PNG/df.PNG?type=w1200,-650,319
325,산들산들,산들산들 생리대 오버나이트,https://post-phinf.pstatic.net/MjAyMTAyMjdfMjM2/MDAxNjE0MzY4NzA3MzMz.SuzM5XXFfN5syM800Bz6aRtEfxkvtg6XCsUKKfUEKnwg.DieTyta6WkDcUlChTaqxpvcaiB3POg9MemvXUkv0Ggkg.PNG/nn.PNG?type=w1200,-1550,391
326,레인보우,레인보우 레인드롭스 허벌 중형 생리대,https://post-phinf.pstatic.net/MjAyMTAyMjdfMzAg/MDAxNjE0MzYwOTUyNTY0.M0ysxpqDhvrjZlNIlHztGgVX3bi0dhjrQHzWMdczcPEg.0Mds72pzNzyayt5i0z9AWW_BU6MX31d-fwLrIcSID38g.JPEG/image_2839183001614360940076.jpg?type=w1200,-689,323
327,레인보우,레인보우 레인드롭스 허벌 오버나이트 생리대,https://post-phinf.pstatic.net/MjAyMTAyMjdfMTE5/MDAxNjE0MzYwNzAzNjc2.JCUTMaR2jxu4U41hWpJnB61fe8bkes6nw-UiB5seJw8g.GoNNfIFChlZ_5DzikphjNEWLZl4AwlbMrt8geG9A7Cog.JPEG/unnamed.jpg?type=w1200,-1634,393
328,레인보우,레인보우 레인드롭스 허벌 대형 생리대,https://post-phinf.pstatic.net/MjAyMTAyMjdfMTI3/MDAxNjE0MzYwNDYyNDI4.SShUokxpE7NaEzo9czOk51IqK9bWvJoI__an6OdOmy8g.HpFuWRq9ghijXWGcwpp7NxD2rycaOFEUULHqpGrd1qsg.JPEG/%EB%8B%A4%EC%9A%B4%EB%A1%9C%EB%93%9C.jpg?type=w1200,-1259,374
329,잇츠마인,잇츠마인 생리대 (대형),https://post-phinf.pstatic.net/MjAyMTAyMjdfMjc0/MDAxNjE0MzYwMTcwMTM0.6hP6xLo-6WeyNUUgec1flbRQApeeMtAVpoBYRJxrDpYg.4E_56QlryxqIhwChvN77vYpfrXCUSSGQh57Qerz_PWcg.PNG/fgf.PNG?type=w1200,-342,247
330,탕저린,탕저린 슬림 날개 대형,https://post-phinf.pstatic.net/MjAyMTAyMjdfMTEz/MDAxNjE0MzYwMDEwMjky.zW3YgH-xWvmYHbFEbWjhvg7gZP6Iv_-INgZ5cI2t4Wkg.cdFQuvzgO8t3aZRTo0AbNOohAXJvW9W-USe13DpE9_kg.JPEG/image_7666911821614359991124.jpg?type=w1200,108,59
331,탕저린,탕저린 슬림 날개 중형,https://post-phinf.pstatic.net/MjAyMTAyMjdfNzQg/MDAxNjE0MzU5NzA0ODk2.Rn82RGKg2K3UGxTQ4GbuPYBIPO6bnV4j8rYnGmlhKeQg.nRoamoUlhvKPueSllEgkR-F0SIpRDE4NDvjdN3HqU2Ag.JPEG/image_2662869271614359691080.jpg?type=w1200,-864,340
332,면달셋,면달셋 큐티 면생리대 (소형),https://post-phinf.pstatic.net/MjAyMTAyMjdfMjc4/MDAxNjE0MzU5NTM4NDAw.2U603y7pBKVcRPHgFGw5_UtYw9nKBj8_H_SliNgxA8kg.oW_oftgt4NCWaaKsFmYtvFfDVwfrxxoxxC1dwXlPjUIg.PNG/gh.PNG?type=w1200,-343,249
333,면달셋,면달셋 큐티 면생리대 (오버나이트),https://post-phinf.pstatic.net/MjAyMTAyMjdfOTcg/MDAxNjE0MzU5MjU2MTE0.tTKzh_feDCPv5PWWbFPKwJYFEaooKXBZFfljakCfOp8g.AngaOFyDVKKKOowzFB2bGmkjehur1KFT5mLLFK2dnxEg.PNG/fgd.PNG?type=w1200,-393,262
334,이채,이채 플라워 면생리대 (대형),https://post-phinf.pstatic.net/MjAyMTAyMjdfNDEg/MDAxNjE0MzU5MDgzMDcy.sO_YBRqXiQIshzR-3LrWRDtXA1FzRU5MuDXvL_to39Yg.TfN6hO-ACxq5fRX2WggE90CgiFSsEZRHWrgo6a7he4kg.PNG/f.PNG?type=w1200,-10234,437
335,닥터와이,닥터와이 레이디버그 라이너,https://post-phinf.pstatic.net/MjAyMTAyMjZfMjkg/MDAxNjE0MzIzNTg5MzQ1.YOEdxz0xE9rAsqqYmMSgSsqKsWsPZ1NQGiGcRs2rreIg.8PEJk6UWuDWwdhaaZRD0pqpCtqrzNQ5_FLvgjGsuwe4g.PNG/image.png?type=w1200,-2268,406
336,엘리스,엘리스 메가미퓨어 슬림라이너,https://post-phinf.pstatic.net/MjAyMTAyMjZfMjU4/MDAxNjE0MzIzMTAyODgy.R-q0ratTqLZFKkSKCSeuK9XdioPDL72AwQnsYbEoBIUg.d50O2u3FcawknTwPjWNNFz3ded2Bc-vEguHO3F1hBkwg.PNG/image.png?type=w1200,117,50
337,오보소,오보소 하이안 팬티라이너,https://post-phinf.pstatic.net/MjAyMTAyMjZfMTEx/MDAxNjE0MzIxOTU2OTk1.b5AmXDuXkO5Nvw689Cy1D-FhVzErEkFEH4RdGYxMTBAg.cQDPWEBsDOzWdlq7cUrrh2agHVT-Tga6LtqldVJtUuEg.PNG/image.png?type=w1200,142,18
338,베프,베프 팬티라이너,https://post-phinf.pstatic.net/MjAyMTAzMDhfMjA2/MDAxNjE1MjA4Njk3NTY4._gp4P58_3mZwwE--Nel1HTP0cYdjju4PIrEPq2N7qR8g.XG_9ch2po2P43tGPnD9UXiVI1qHHgGIm-Zx_7YhoSzkg.PNG/image.png?type=w1200,127,33
339,면생리대,면생리대 달동무 팬티라이너,https://post-phinf.pstatic.net/MjAyMTAyMjZfMjAy/MDAxNjE0MzE5MTY1ODQy.nmtfIqeId2OXFq_7RIvN64uiqyXACeIiIS5wGARb3qIg.Qs65ZmEops_3In6uaGAP9aMAU3oD_Id83aAbZrbFG0wg.PNG/image.png?type=w1200,-1173,366
340,참좋은,참좋은 쑥염색 팬티라이너,https://post-phinf.pstatic.net/MjAyMTAyMjVfNzkg/MDAxNjE0MjU4OTc5MTQ0.qVxed3zFyCz5XSF8rseDxVCbTIyYiGvW9xpcsW3D9Log.LPyBWhyALiHSHeOgmItZKn7i-cR8iKUR3MG1rtd7GHgg.PNG/image.png?type=w1200,66,97
341,라라문생리대(팬티라이너),라라문생리대(팬티라이너),https://post-phinf.pstatic.net/MjAyMTAyMjVfMTA1/MDAxNjE0MjU3OTI4NTQ0.j9LeaGgFB6WcXWVXuujBAzIghEv44NvmE32eRTvoU6gg.vPCBeln-SaJ9-fTopbnd5i2M4pFbbgOPgeS_BPkXcP0g.PNG/image.png?type=w1200,-4410,424
342,템포,템포 내추럴 순면라이너 롱,https://post-phinf.pstatic.net/MjAyMTAzMTRfMTQ1/MDAxNjE1NjUzNzY3NzY3.MV_AcFt4H076PFbYawiso_gJAUk63GCck7xEne9KAzsg.fnloox9bv9oBvFMfxXnxbu6OOk6q4e2HbpkhGVlJRfAg.PNG/image.png?type=w1200,136,22
343,와우,와우 슬림일반 롱 팬티라이너,https://post-phinf.pstatic.net/MjAyMTAzMTRfMjE1/MDAxNjE1NjUzNzEyNjgz.AvCf2np63XF2Wh21Pxr8sBsm0clFbsLsgrPV76n6NC0g.0_u-LEBhWfx0N-bHf6Zlxa2nvzvUKRoXLxJJygz1KMsg.PNG/image.png?type=w1200,94,66
344,이채,이채 면팬티라이너,https://post-phinf.pstatic.net/MjAyMTAyMjVfMTcz/MDAxNjE0MjU0MzM0NTU2.s72UiL4-YOMUTxG-qRNWBp_bzzknge7YPF7LaHqeDrMg.3-TsWxaCS67AcNV9PEq1vU3TNlxuVia0ElE0YLPTLOcg.PNG/image.png?type=w1200,-113,174
345,단오,단오 롱 라이너,https://post-phinf.pstatic.net/MjAyMTAyMjVfMjEz/MDAxNjE0MjUyMjY0NTE1.d8zWTh_EnlIIKpw9zv0jyt2zCLWbFhuAT5VelXxbZwAg.LsbrHHjRPtetv9D_S5kOi_LPgOJ6-BBC3IY2zgTV22Yg.PNG/image.png?type=w1200,154,9
346,고래,고래 슬림 팬티라이너,https://post-phinf.pstatic.net/MjAyMTAyMjVfMzgg/MDAxNjE0MjUxMTc2Mjgz.HnX6YX1uUEE4rEK1g3dw2WKvPedQoEGhlNEuExMwMDAg.06M5w8yB_ORmq5QXWFwjn4Z5t7CezChpU0RHsLFfyssg.PNG/image.png?type=w1200,17,131
347,고래,고래 슬림롱 팬티라이너,https://post-phinf.pstatic.net/MjAyMTAyMjVfMjk5/MDAxNjE0MjQ4ODg4OTc3.yXJyfuZ2NoyZ1akWrx5evB5yh8KHmR8-t3AbP6Kjf8kg.QhfU5TovQ-IBdL5yhv_yVNWb47UwHLn50Tm7oKcN4n4g.PNG/image.png?type=w1200,48,109
348,OZ,OZ 팬티라이너 롱,https://post-phinf.pstatic.net/MjAyMTAyMjVfMjU4/MDAxNjE0MjQ4MTcyOTkw.my0l2FF0523H0TWpmbhRjlwRL8dm6RyO662zs_d3UEEg.01-IduWKmSjTOnngTwsEI2kTcepbwLyYQneflp4uhhMg.PNG/image.png?type=w1200,58,101
349,수미인,수미인 오가닉 면 팬티라이너,https://post-phinf.pstatic.net/MjAyMTAyMjVfMTM3/MDAxNjE0MjQ3NTA4NzI3.ttq0EelEOPhPoRgb_L3zwJrWRzceBnIRcNgHx6gmfI8g.m66EBdfzUhT98mGOLZHAngK_S8no_0zOPorJf00xLYIg.PNG/image.png?type=w1200,-5728,429
350,러브유,러브유 허브데이 팬티라이너,https://post-phinf.pstatic.net/MjAyMTAzMTRfMjQ5/MDAxNjE1NjUzNjE1NDcw.cpEjA0JluG3eeaQ_uaxRDSwzHI5h24Ts3fsQdYUwMN4g.LM-Eahiu6Ouuk7r0J2KP2-Gl6EFbMXiS5dNWkOxt7BEg.PNG/image.png?type=w1200,114,56
351,르프레시,르프레시 롱 팬티라이너,https://post-phinf.pstatic.net/MjAyMTAzMTRfMTM2/MDAxNjE1NjUzNTY4ODY0.uriVUL4MEpfN1IgWUSBqefvHSShsQGej-X77gs-6G-Mg.UgH51p-BcUzlC9wc3lBr9cyZE-eToQ7yYExihzfcSUkg.PNG/image.png?type=w1200,155,6
352,제이투엘,제이투엘 본골드 팬티라이너 롱,https://post-phinf.pstatic.net/MjAyMTAyMjVfNDUg/MDAxNjE0MjQ2MDU1MjM5.KDioIjUP78knG7-Mip5EP3uuEyVV2bXV21lCBbhDfFMg.uwqjHO1GO8Vu7cCTJ-jUc1pJnUktVqlUlL8BB1hvUBgg.PNG/image.png?type=w1200,129,31
353,디어네이처,디어네이처 팬티라이너 롱,https://post-phinf.pstatic.net/MjAyMTAzMTRfMjI4/MDAxNjE1NjUzNTE4NDg2.OvTt0P0PBUmKvaY6w5obB7_5ov8uHu2bUrxpiu0EJXMg.mF-fq0pE0sOE2xHKKtnKacOj1MV9M-74sPKZ7_TyQggg.PNG/image.png?type=w1200,-74,161
354,본플러스,본플러스 도톰한 팬티라이너 롱,https://post-phinf.pstatic.net/MjAyMTAyMjVfMjY1/MDAxNjE0MjQ0MjM0NzMz.GYYUH2qKjaiBVegHCk9Bbg402G8qRBSh9jbETL8ZKmMg.nZWSrgh_YUusmeSaTvuFpwHElvGQmT0bcwXO4bZo5c0g.PNG/image.png?type=w1200,105,61
355,제이투엘,제이투엘 본 골드 팬티라이너 일반 (유기농 본),https://post-phinf.pstatic.net/MjAyMTAzMTRfNDAg/MDAxNjE1NjUzNDU5OTQx.iIykOaOUNGrvyz9Z5qkFyULBVF4H5vHmZDODTmNJWrog.Ee3zjm1rqA5dOJwbEMjsQmErMEfsbY1oAzWjHc9oHAMg.PNG/image.png?type=w1200,128,32
356,본플러스,본플러스 도톰한 팬티라이너 일반,https://post-phinf.pstatic.net/MjAyMTAyMjVfMTUx/MDAxNjE0MjQxMjQ2NjQz.qx6j2jl7IRUsDXueuZ0Fee9IabhY65t6YyP2LhKkEgsg.aGlNXGQ3D2tRIh8KF54xsFB3PbtUeK1UUXTSWDEFAEQg.PNG/image.png?type=w1200,121,42
357,강블리라이프,강블리라이프 블링데이 팬티라이너,https://post-phinf.pstatic.net/MjAyMTAzMTRfOTEg/MDAxNjE1NjUzMjg0Nzcx.LZga9vnfUMZVW09K7n7ovG88ajJkiV30c2_Ji4dEQkkg.etQVK0GLi1tA9oiBw_QA9utCaOEFTGf9ZbOOuQVi-4Yg.PNG/image.png?type=w1200,93,67
358,이채,이채 플라워 면생리대(소형),https://post-phinf.pstatic.net/MjAyMTAyMjVfNzQg/MDAxNjE0MTkxODcxNjY4.Qbfi7tW_KKJql4faCZ_1DwrBoA_Gjo9rNbElXluku9Eg.Eg1jQDltEXwB94NQgeMhLpQ_rmCG2aKV43EYWWqjzbsg.PNG/image_1564271921614191612352.png?type=w1200,-3917,421
359,마로메라,마로메라 날개형 중형,https://post-phinf.pstatic.net/MjAyMTAyMjVfMjU4/MDAxNjE0MTkxMzU1MTUy.0d1_FrYMWjVA8De2yJDwl3NNwDv4NQXOTcdV0Cu4FQgg.r-dM7D4C3pmyhvzX5Bbw4ID1mJIbFb1ta333wUiFCq8g.PNG/nn.PNG?type=w1200,-1492,390
360,마로메라,마로메라 날개형 대형,https://post-phinf.pstatic.net/MjAyMTAyMjVfMjQy/MDAxNjE0MTkxMTQ4ODUw.OiiI10Wy163ewVt2qWbHWhcfYk3T0L2RzZcqzKwO7GUg.bLtq6A7Co3W-6K3UquW5YP4Ztnouatk7LrnolA-g9gsg.JPEG/%EB%8B%A4%EC%9A%B4%EB%A1%9C%EB%93%9C.jpg?type=w1200,-616,315
361,마로메라,마로메라 오버나이트 롱,https://post-phinf.pstatic.net/MjAyMTAyMjVfMzEg/MDAxNjE0MTkwOTg0NTM1.WWcs8bW8DvXH2IqH_nRTbKf_FMw6o1QSXo0OaJJ0V6og.KCppCTQIvUWgo9TtE7jfo2xMxrwPabKVTyhrZZbqe1kg.JPEG/unnamed.jpg?type=w1200,-255,225
362,마로메라,마로메라 오버나이트 슈퍼롱,https://post-phinf.pstatic.net/MjAyMTAyMjVfMTM4/MDAxNjE0MTkwNjU3ODI4.6IigG16LB75OFBfkAC-iBi-g8gLT5W5-MhA2JZ9tobUg.5X5n8xHkZL-GxiIeuRxEZiOcGWtMfh8hUkaHSHyGoBQg.PNG/unnamed_%281%29.png?type=w1200,-600,309
363,천사맘,천사맘 면 날개형 생리대(소형),https://post-phinf.pstatic.net/MjAyMTAyMjVfMjUw/MDAxNjE0MTkwNDM5MjEy.QKpqYvNJnr2iWcyNDTeCPNf6PUNHBL7z5abxBXbJwjYg.akAZfwMTGv_2VPQYn14hrx0ela4a49WsxcvJCkEBlAYg.PNG/GG.PNG?type=w1200,-5421,428
364,언제나,언제나 울트라슬림 날개형 중형,https://post-phinf.pstatic.net/MjAyMTAyMjVfMTM4/MDAxNjE0MTkwMTY0MjEw.8GLzW_pbWSQBPgyJOaTckwi2bqpBH6GZEI3a00DgPxUg.RfpV7pogPqTprieCXjamxXMb-DkyK_tjtHxP3yJXq1kg.PNG/TT.PNG?type=w1200,-386,259
365,언제나뉴,언제나뉴 중형,https://post-phinf.pstatic.net/MjAyMTAyMjVfMjYz/MDAxNjE0MTg5OTAzODQ1.LcPddff8wfSVWeej4hUI2cEXsVgDhf8oB9C-vPIBfDgg.0eGarWxbRb9AUVKQxYEkh4cCk9wCOsHfQzW-K0Agc0gg.PNG/HH.PNG?type=w1200,-2716,412
366,레이디네이처,레이디네이처 생리대(데이패드),https://post-phinf.pstatic.net/MjAyMTAyMjVfMjg3/MDAxNjE0MTg5NTg1ODYy.1pDZmNJ5gfopaJiczmuXDM73z3TFZVaUMY4NdQBzl4Ig.JZNNwu_13YjxLoGkebwnnMh5BVJwEqYQwdsfKOKXdb0g.PNG/WEW.PNG?type=w1200,-427,273
367,해피문데이,해피문데이 소형,https://post-phinf.pstatic.net/MjAyMTAyMjVfNDcg/MDAxNjE0MTg5MjUwNzg1.fzIqbBrtChSkvNZMvwHVk34RwjFaP0MBgAdT6npbs7og.D8Qi8o1E3BK_thnyiX83FVI1rpSz11Dwz8cuOZshYsQg.PNG/dd2505324c9a431c770f34bac940e1bc.png?type=w1200,-41,147
368,언제나,언제나 울트라슬림 날개형 대형,https://post-phinf.pstatic.net/MjAyMTAyMjVfNCAg/MDAxNjE0MTg4OTU3OTgw.WWqtRodNuHDlgFIfH8lpQNinuclftnRtQd1mgEy-YwAg.ZkjqkxDZJBl47qBSyc8MaVNWyW9sfJssp4F_JF4kCJsg.PNG/O.PNG?type=w1200,-2118,402
369,이채,이채 쑥염색 일체형 면생리대 (오버나이트),https://post-phinf.pstatic.net/MjAyMTAyMjVfMjQ3/MDAxNjE0MTg4NzEwODM5.FGglciQ5nOjefrCSjXCPUzkVL4DGvjWGxMcw4wy6BcIg.DYk1vR01zj9_b6jNQNBp9D41HpBxomf0iQSRA9PAnGog.PNG/WEE.PNG?type=w1200,-274,231
370,케어러스,케어러스 중형,https://post-phinf.pstatic.net/MjAyMTAyMjVfMTU4/MDAxNjE0MTg3MjI0Nzk0.MbIbGUUFzxKrvaxFyxkCAOU6oLH1zLs_z8Yxvnbjp9Yg.TB2f_r9soxDIWTJzMoxoFLH-hXDXRRHrNdgkh3ORSk8g.PNG/WW.PNG?type=w1200,-217,212
371,케어러스,케어러스 대형,https://post-phinf.pstatic.net/MjAyMTAyMjVfMTQ2/MDAxNjE0MTg3MDQzOTAx.HNK6MiNhoHZyVI0mmgMGhAWx3Hg5dWqNsSBsMo9iXV8g.Qm82RmhuVQV8p3kvWsJlHbiOUzUG6d9__W09pce4N9Ug.PNG/GF.PNG?type=w1200,-955,345
372,울트라슬림,울트라슬림 사과꽃여랑 대형 날개형,https://post-phinf.pstatic.net/MjAyMTAyMjVfMjE3/MDAxNjE0MTg2NTg5Nzc4.L41mwuS9EBtRckMRB3Bu06BA6CvsaqF4JqSzYKgtA2sg.BF9QI3nu_NMnU9_V4gD-GP0uGH8lnn7sU7uRJ2rZfAsg.JPEG/80d675fe583e5a4c6cb5f59fbd2602d0.jpg?type=w1200,-350,250
373,디어네이처,디어네이처 중형,https://post-phinf.pstatic.net/MjAyMTAyMjVfMjcg/MDAxNjE0MTg2MzgxODY3.AFxRO6Ppg9lU0f-_jQELSSM5N75jXpafdoTbEKJQyO0g.M4p0spznkUhdAh0-FvlHFJLQS4jQl4Plxm_hydeX_38g.JPEG/18155386.jpg?type=w1200,-387,261
374,디어네이처,디어네이처 대형,https://post-phinf.pstatic.net/MjAyMTAyMjVfMTUy/MDAxNjE0MTg2MTkxNDUw.9RFccKFvzqsmMgzusVNTRsg-WwJmuPiInciggMb5arUg.3TQrNKscFwBmmq11WSaCivOXl9tFQ5qkRtg4MZCVzp4g.JPEG/18155387.jpg?type=w1200,-273,230
375,원데이원팩,원데이원팩 대형 날개형,https://post-phinf.pstatic.net/MjAyMTAyMjVfMjMg/MDAxNjE0MTg2MDIwMjI2.EjF2-D6HT2I4EzdqJCi3Mf5uc03DGFgGXrZEH-8r3Ncg.LHbSdfsVAlfLOtjbZBigpmNntQ5-xPwF8tqM_mp516Eg.PNG/unnamed.png?type=w1200,-1055,355
376,디어네이처,디어네이처 오버나이트,https://post-phinf.pstatic.net/MjAyMTAyMjVfMTQ1/MDAxNjE0MTg1ODYyMzcx.xfJHreHbNlVJUKyRxEln0oDrVO6o0Z8SSqX79PxZuq0g.mMV6a57EBsYzAQ-irkHs00HxVyouVqOCj7s_ru0DZc0g.JPEG/18155389.jpg?type=w1200,-342,247
377,원데이원팩,원데이원팩 중형 날개형,https://post-phinf.pstatic.net/MjAyMTAyMjVfNjcg/MDAxNjE0MTg1NTU4OTYx.SiiST3q_Cf2pSeVXsUlmShbEKBogvO-yySx4sRCWEakg.153B6X6Le8G3X9ggm6ukXSik1dP1FPVWQhxmw7JwVAIg.JPEG/A00000011623703ko.jpg?type=w1200,-5316,426
378,르씨엘,르씨엘 슬림 대형 날개,https://post-phinf.pstatic.net/MjAyMTAyMjFfMjc1/MDAxNjEzOTE4Nzk0NTI2.AJELRTvBxgoQMe6hL4njLMHGVdy73S7YT-3MrVLd8tYg.utkfh8f8hlHoHUzIMGyTndwomGUECm_p8ezdGPx_plgg.JPEG/660_tmp_c44986c7a6fdec4b3cc95dff72bbca0d1291view.jpg?type=w1200,-165,191
379,르씨엘,르씨엘 슬림 중형 날개,https://post-phinf.pstatic.net/MjAyMTAyMjFfMTQ2/MDAxNjEzOTE3OTYyMjEy.TJjk5vfvTR0BEng0WREWAGGVS0KYJUK7KQAp-i832-wg.AWnUEWerDlAoA55M2NTHsUtMp3hMEk8vzJR-xcdt8Iog.JPEG/659_tmp_ff1156c0ed58f77672ad98f4b554ec355801view.jpg?type=w1200,-189,199
380,나도그래,나도그래 오버나이트,https://post-phinf.pstatic.net/MjAyMTAyMjFfODQg/MDAxNjEzOTE3OTQ0NzY2.zIyMOPIYZMKDuQ0bql9s5cncrq9MAOLvKTcTNRsX6rYg.1hVEECIXdj3rI6FsQjAsoRHvSweKrWg6k-yf5vBFdvcg.PNG/image_3936531111613917925951.png?type=w1200,-789,337
381,르씨엘,르씨엘 슬림 오버나이트 날개,https://post-phinf.pstatic.net/MjAyMTAyMjFfNzYg/MDAxNjEzOTE3MTU4MTYy.LKlW7aUBDKNQsL3_t4wr2LdiVdTXwZHordk8ftIIjzEg.fXrWrajxgq2mmL3prxe30sPipTkvAbhL_zTYtXaEovgg.PNG/rt.PNG?type=w1200,-2699,411
382,루아모리,루아모리 면생리대 (슬림),https://post-phinf.pstatic.net/MjAyMTAyMjFfMTc4/MDAxNjEzOTE2ODMxMTA5.-np6jD1Bt7gDWuPcHaK03je1KSDziikcuD5RdBeU3a0g.taRNiE-Ljgy_RWZDQclXzRP6j1Y4R5YyA3CwMEeac6sg.JPEG/830_tmp_d7e8812706c96dc7fbe74fc1084390985569view.jpg?type=w1200,-25,143
383,나도그래,나도그래 중형,https://post-phinf.pstatic.net/MjAyMTAyMjFfMSAg/MDAxNjEzOTE2MTU5NzAz.CKLvyksO9kpGI5v9zcOFfFbgt2SbTAOx5hOUTC23N_0g.wtvsabhl8OxzeiEcWbrY9ne80RHLMBu0fU27GJupLcAg.PNG/20200903152335_3mzTwBWkRNdYewCAEbMXHtsX9UHpz7niBrZd8rX8_400x400.png?type=w1200,-436,277
384,나도그래,나도그래 대형,https://post-phinf.pstatic.net/MjAyMTAyMjFfODQg/MDAxNjEzOTE1OTA1OTg2.qF1kfP0G9fk8IDhX_BLD-GNi72N_pwVx6JckWH08hokg.gHMTbwQloL7kWkPPjMamVbFItPuZcRpK5fPp7kAjuEYg.PNG/20200903152728_Mnoo1vvr3XvD0NrYdRrBICn9DowWnVluaLwKtcCo_400x400.png?type=w1200,-1069,357
385,이채,이채 쑥염색 일체형 면생리대(레귤러),https://post-phinf.pstatic.net/MjAyMTAyMjFfNzEg/MDAxNjEzOTE1NDA5NDg0.qrPTsrEUdtHWh4IdzUCNuNakv-eDcN1BxduzTYDIjHkg.v-syq7tTuV2nSy8HW21SwWaJylePLpbI5Vb-HVzI34Eg.PNG/nn.PNG?type=w1200,-181,193
386,지쿱그린,지쿱그린 순면울트라슬림 대형,https://post-phinf.pstatic.net/MjAyMTAyMThfMjYy/MDAxNjEzNjUzMjQ2Njc0.9BMm42u2p3NB0xZXW0qOm1Tpi9npPkSp9iNqRsTb_0kg.WeBxzswBwBOWZfqSI7fMNNg14NmQLQVOcYvPLSNfa1Eg.PNG/image.png?type=w1200,-1401,385
387,언제나,언제나 울트라슬림 날개형 소형,https://post-phinf.pstatic.net/MjAyMTAyMThfMjk1/MDAxNjEzNjUzMDY3Njgw.qNz2c2k9wjtYQYss04feNVsuKgd7-0sqSBU5QKhxbQog.kTbODmjjfTtfzrqiWgXLly1-JhAob2ZjM_f4pi80DHQg.JPEG/1140271015_wide.jpg?type=w1200,-471,286
388,레이디네이처,레이디네이처 생리대 오버나이트,https://post-phinf.pstatic.net/MjAyMTAyMThfNTYg/MDAxNjEzNjUyNzc5Mzk3.U_xmErWJ04Cv1DHZQsD4DgVA52sHg2GNp16qMpsVDvYg.SDsSDdTCvjt2Gxxcmd-PHn4VMpF317m6Ty0MDS3PcfIg.JPEG/3_0l.jpg?type=w1200,-1971,400
389,비비꼬뜨,비비꼬뜨 나이트윙,https://post-phinf.pstatic.net/MjAyMTAyMThfMTA4/MDAxNjEzNjUyNTcwNzAw.O3BBMLC5kROeXVJd_s75C1W2gtpDhhGAnxWYqyPhTWMg.fTN-gJRdrvm-zf8k63qVqNRMvf5EFpIHoXvzQfwSopIg.JPEG/256x256.jpg?type=w1200,-1017,351
390,쏠렉다움,쏠렉다움 소프트슬림 대형 날개형,https://post-phinf.pstatic.net/MjAyMTAyMThfMzIg/MDAxNjEzNjUyNjE1MTI0.Yu4uaB6zyK_52fwNS54u-QnMuQ9Txj11qG-0QIWTt_Mg.wdf0D1oDixdxT65r8h3WrV_25ca1QsYlx9ksVf2Pvscg.PNG/image.png?type=w1200,-1308,378
391,실버케어,실버케어 코튼 울트라씬 나이트패드,https://post-phinf.pstatic.net/MjAyMTAyMThfMjIy/MDAxNjEzNjUyMzc2Mzg3.QRl5OFng19FmVZwxk-66tKc4jHsiD7V1E-lpAPygHC8g.Fznso4RyVg4d53pqybd-S_GMHwUw1HhpySH-NkYSaeEg.JPEG/image_2118331841613652360406.jpg?type=w1200,-545,298
392,언제나뉴,언제나뉴 대형,https://post-phinf.pstatic.net/MjAyMTAyMThfMTYw/MDAxNjEzNjUyMTUzNTYw.4cAH4A7KAYNLA9HsWtbsVkzDiPGENJbv2AgVH_bHkRog.GW1s0I2T3ZSm14M5D-hALn-zntzJZFmymZhRypG2jRAg.PNG/rt.PNG?type=w1200,-60,154
393,내츄럴코튼,내츄럴코튼 시그니처 울트라슬림 중형,https://post-phinf.pstatic.net/MjAyMTAyMThfMTY5/MDAxNjEzNjUxOTU3MzM2.nLOEmJxlt1kmwWU1YEpSg2ufP1MolHPxBBywQQG-mSAg.VCOM9GOdU4iDgjtYvOh78kdUmEvx0DkO8NnnxcXu3Wcg.PNG/eff.PNG?type=w1200,-440,278
394,내츄럴코튼,내츄럴코튼 시그니처 울트라슬림 대형,https://post-phinf.pstatic.net/MjAyMTAyMThfNDIg/MDAxNjEzNjUxNzI4OTQ3.x_3z2Fe48TPUjCnslPnYMqRNRw3EE4DmpomjhF3BazIg.E0XPAK_ZlyNLnsOqLvWLvp3lWhgzILauBWJ-4fVjgoIg.PNG/vvv.PNG?type=w1200,-1037,354
395,내츄럴코튼,내츄럴코튼 시그니처 슈퍼롱 오버나이트,https://post-phinf.pstatic.net/MjAyMTAyMThfMjQz/MDAxNjEzNjUxMzM5NDQz.ONUzCpgyiZr9Z_rStsAZqSCS245FgGkx19wo212Kn-kg.4_oAWdNYQlwAYrnngKLQ2_qj1_QhRE-6vz4Jv9UAx8gg.PNG/ty.PNG?type=w1200,-2182,404
396,내츄럴코튼,내츄럴코튼 라이블리 슬림 중형,https://post-phinf.pstatic.net/MjAyMTAyMThfMjE5/MDAxNjEzNjUxMTQxMzI1.5fDyAwxUglt8ly7CnMVs38kmuL6slm8afvVzGbBb0Rwg.wwZU3pgpsNClpXc0oVTavjIa9VxYZde7YG5cc8lBE9Qg.PNG/cd.PNG?type=w1200,-210,211
397,내츄럴코튼,내츄럴코튼 라이블리 슬림 대형,https://post-phinf.pstatic.net/MjAyMTAyMThfNjMg/MDAxNjEzNjUwOTQ5OTE1.1BFPsx5LeSWNBRHPJLD-eJvooOBxe-66urmNFEJg8aog.nQVR4gxzCoRSrx9CIX-l3jp6-Q1k5naSfGDdHMONcj4g.PNG/dd.PNG?type=w1200,-245,222
398,내츄럴코튼,내츄럴코튼 라이블리 슈퍼롱 오버나이트,https://post-phinf.pstatic.net/MjAyMTAyMThfMTQ4/MDAxNjEzNjUwNzU5MjMy.idjYynj0iEM-_IUHJv2nIA0T8kQpaHMsHmGzjK13w94g.WGKSVVS_tz9IRGBJNf4Hmiemds1V7gWiSXqWKx0yNL4g.PNG/55.PNG?type=w1200,-1380,382
399,내츄럴코튼,내츄럴코튼 리올 울트라 윙 대형,https://post-phinf.pstatic.net/MjAyMTAyMThfNjQg/MDAxNjEzNjUwNDY3Njgy.KRHE2KXEuXS49h8LpRULuEOXgCoY9x_2LsiRfDxOyDwg.FqoYu33eG45nZSRBPtLGaD54Rw92fkv75GWm8mWOKoog.JPEG/3efdf1c63222a15991e45fa39c7a5a01.jpg?type=w1200,-189,199
400,내츄럴코튼,내츄럴코튼 리올 울트라 윙 중형,https://post-phinf.pstatic.net/MjAyMTAyMThfNzIg/MDAxNjEzNjUwMjgwNTYw.aU-8DWPlYtcR7KDOr4napYdu9prISwTyjNzT_12PaY4g.MODYdl0mxlLhwP5QPcnVnIHYvvZ7wjxv4E0b7tEZSC4g.PNG/w3.PNG?type=w1200,-156,186
401,내츄럴코튼,내츄럴코튼 리올 슈퍼 롱 오버나이트,https://post-phinf.pstatic.net/MjAyMTAyMThfMjYy/MDAxNjEzNjUwMDU2MjA4.jhjeiS2Zv-LTNnwN2S1126hf79PgCBWBLN-mD_MLSY4g.Mn4KFrf4C4VpCuLMnnGcz1uKhHfUiInWiBS_fclayK0g.JPEG/fc13a36615f174d34eb2ab1398d698ed.jpg?type=w1200,-1379,381
402,쉬즈,쉬즈 순면으로잠들다 오버나이트,https://post-phinf.pstatic.net/MjAyMTAyMThfMTcw/MDAxNjEzNjQ5ODgxNjMz.kmnkI9j1H7L4QmftP9BtUH_aG2OwZtG3OuMhpo9F0h0g.Qv2tWQmUr5Yd0_Od8v6MaTgV3E55RCN15xh1CanZLOUg.PNG/mmm.PNG?type=w1200,-747,329
403,쉬즈,쉬즈 순면으로숨쉬다 중형,https://post-phinf.pstatic.net/MjAyMTAyMThfMjE1/MDAxNjEzNjQ5Njk4ODU3.nqwp3a-CKOYd4oxTmaQ6nhgpqTADXRpJcOVhBBqVHAUg.lcYsddqz8MiOzEhu8wgRCr-gOtop1Li2V5dIbJezbK8g.JPEG/unnamed.jpg?type=w1200,-601,311
404,쉬즈,쉬즈 순면으로편하다 대형,https://post-phinf.pstatic.net/MjAyMTAyMThfMjI5/MDAxNjEzNjQ5NDM0NTk0.L1TiXcXrWT8kpI6H5WqkuOA_VIi7RKopWwS1MZe-1jIg.8V2RWgnRiJ_qDtYMiKSFHYNpuoAKlOpVGbbVaylREVsg.PNG/%2C%2C.PNG?type=w1200,-866,341
405,시크릿데이,시크릿데이 울트라슬림 대형에이,https://post-phinf.pstatic.net/MjAyMTAyMThfNTAg/MDAxNjEzNjQ5MTM4ODg0.yKzHcMwc2fW6PcBrnBckmE50OEiAeeuKPPjtrJW9iuwg.EYKRw2Nl1JUTjAaw59WK75HBwbrwQxTknRuYzYRjwvMg.PNG/%2Cn.PNG?type=w1200,-386,259
406,시크릿데이바이,시크릿데이바이 미피 생리대 중형,https://post-phinf.pstatic.net/MjAyMTAyMThfMTA5/MDAxNjEzNjQ4ODU3ODY0.MMgcU17SE0_4Q1wVk7GidK7SkKRdfbhHZD44TCOjLVkg.sVWCSUPwthIrAn8SvX0oCrSYklWOHG1U4AO1uPdJMzAg.PNG/image_472649561613648844992.png?type=w1200,-164,190
407,후아,후아 내추럴 순면커버 생리대 소형,https://post-phinf.pstatic.net/MjAyMTAyMThfMTgx/MDAxNjEzNjQ1MzM0MjU3.r1hHQvuuhfH8kyBVUVLaY6Gmv_cG84TFvRI43BNR9b8g.xEzgGNvLh4n7dfsYk3LeIHxePmEDsaEAIxJ1P38U2Rcg.JPEG/image_341060531613645293956.jpg?type=w1200,37,117
408,라네이처,라네이처 시그니처 맥시슬림 대형 날개형,https://post-phinf.pstatic.net/MjAyMTAyMThfMTI0/MDAxNjEzNjQ1MDI3MTUx.Wsh5Vg6fyvPkMEQtvPdAINMEtvvE-d-kXblN0hC1BV8g.4zmX_r0E9UMxPE0lgZTvhRe9c9aXR4LFNqe_4wxs2rUg.PNG/jjj.PNG?type=w1200,-305,237
409,라네이처,라네이처 시그니처 울트라슬림 소형 날개형,https://post-phinf.pstatic.net/MjAyMTAyMThfMjQ0/MDAxNjEzNjQ0ODA0NDE3.YCu3sDRAYixJx6IcOw8GBjG2B5mOj6jsJa35TnGTOgwg.JBW8nC1XRDwY0OPGXt3aunrojpdvaVgIIzQKPBKkdN8g.JPEG/0010650000543.jpg?type=w1200,-579,303
410,코텍스,코텍스 화이트클린 울트라대형 날개형,https://post-phinf.pstatic.net/MjAyMTAyMThfODkg/MDAxNjEzNjQ0NjU2MjQw.UC4zWfKX_bg95GDroaDAQUTfnDRPGycHhWpdd8E1b8Eg.aX8IuxmBoQrg9AUWXjtClYWVHIOUCaeAP8-0a6uGK4sg.PNG/image_4557932731613644487634.png?type=w1200,-464,283
411,쏘피,쏘피 바디피트102 대형,https://post-phinf.pstatic.net/MjAyMTAyMThfMjM4/MDAxNjEzNjQzOTU1MDA4.gDHqblmuK9dg8tjn9fey0Ov_kEXr7wqJ8B4dHBlt8scg.CtHSgHwNuArPhzq7XdCdZ9aAJfQ3oGg5L8XfAWdoQ2wg.PNG/mm.PNG?type=w1200,-335,243
412,쏘피,쏘피 내몸에 순한면 대형,https://post-phinf.pstatic.net/MjAyMTAyMThfMTc1/MDAxNjEzNjQzNjg3OTMx.B9hhFAzrTVW8ra0P8cOFzUU5Aws5GiOTeY1dEaYpLHkg._SV0ApLJX2004n8KGCnIdSWIicGEvVmfesN_NmtuPqAg.JPEG/image_6396053441613643625888.jpg?type=w1200,-618,316
413,쏘피,쏘피 바디피트 볼록맞춤 소형,https://post-phinf.pstatic.net/MjAyMTAyMThfMTgg/MDAxNjEzNjQzMzQxNjc1.F1aXPnGUoRAsY8yHzdS4StTPvbtKslC-hegd8tVI_JUg.1JogzKgN44V8puCzAYoZYP-aD_J6BP7QSnsT7VGff9Mg.JPEG/image_7018749461613643301202.jpg?type=w1200,-118,175
414,쏘피,쏘피 바디피트 순간흡수 대형,https://post-phinf.pstatic.net/MjAyMTAyMThfMTM5/MDAxNjEzNjQzMTI2NjE3.0YrQ2HDRPpEMxpC0ZH3N7IzV3LqU0ZdXR_d5dRWVLSog.GZESHOyf8ufkYB-0udXVXxv4igxa0q0NiSfhcVi1tR0g.PNG/gg.PNG?type=w1200,-28,144
415,쏘피,쏘피 바디피트 순간흡수 소형,https://post-phinf.pstatic.net/MjAyMTAyMThfOTkg/MDAxNjEzNjQyOTcwNzY5.dCjItolEVyUZ__v1DKHF_-7hzMIT5Zk5Y4cYWa2Tp8kg.KseLdDPHi1wULaL9fHsSpXGgnh4YzvYAmiJ39XBBTL8g.PNG/mm.PNG?type=w1200,-111,172
416,쏘피,쏘피 귀애랑 슈퍼롱,https://post-phinf.pstatic.net/MjAyMTAyMThfMjYy/MDAxNjEzNjQyNTgzNTc0.XTPAW2Zirr2PJ6qNlXxRIASY4UON_iAPMZggQX6R_8gg.tiygmqttG_n26KxCeKMjfdHpOtlwOpOloPVpjxrmbXUg.PNG/bb.PNG?type=w1200,-1889,398
417,바디와이즈,바디와이즈 나트라케어 울트라패드 날개형 레귤러(소형),https://post-phinf.pstatic.net/MjAyMTAyMThfMjMx/MDAxNjEzNjQyMjUxMTgw.RxNcPbQzv_0jKg7fZv8juh41zxD9q6Dnl0hKjbAKPD4g.em8Y77bnPs1EZDllCup083hLeh8IP5OxRtqYs4VauqUg.PNG/l.PNG?type=w1200,-1012,349
418,순수한면,순수한면 울트라 슈퍼가드 소형 날개형,https://post-phinf.pstatic.net/MjAyMTAyMThfMjA1/MDAxNjEzNjQxODM5OTQy.bFLZbdQnm3s7mLeUTlKBF1c-UzXWkKl4w_gDN8ifhBUg._hCVDy3zwrBZ06Oc6AxMyK9r4Wus7wchr2t_GZWufKwg.JPEG/image_4781637921613641816199.jpg?type=w1200,-495,291
419,순수한면,순수한면 맞춤슬림 대형 날개형,https://post-phinf.pstatic.net/MjAyMTAyMThfNDcg/MDAxNjEzNjQxNjA3MDcx.UBK_EasE44h4gNteum8mARx3pSe8jhpDiRAheA2jsl8g.V9mbvrgPE7DHgmrjvIlYX_0q8BrCS2fdVr2GHgLwOrog.PNG/image_7682760321613641550078.png?type=w1200,-356,253
420,순수한면,순수한면 제로 울트라슬림 중형 날개형,https://post-phinf.pstatic.net/MjAyMTAyMThfNDAg/MDAxNjEzNjQxMDgxMDAz.DlMKUhPh6bl3UBRxFrIDwN8BhqI8hnwv3Roulha7QZkg.U-1j5r5s1qCd5qUs_LdVGA2HSoRzOZYTpMI4ONDS3Msg.PNG/qq.PNG?type=w1200,-1140,361
421,르씨엘,르씨엘 팬티라이너 롱,https://post-phinf.pstatic.net/MjAyMTAzMTRfMjIy/MDAxNjE1NjUzMjEwMTEx.Pp7BLKEbzOyz5_EtR1C7HEQ0OBAoE14tOdlbSNbYTzQg.Hw_pvsu0AP8z3bzu3_UY9to7opXT3-FFR80aduCvNeMg.PNG/image.png?type=w1200,48,109
422,순수한면,순수한면 맞춤슬림 소형 날개형,https://post-phinf.pstatic.net/MjAyMTAyMThfMjcx/MDAxNjEzNjM0NzY4OTQz.6iHugQAKUeK5ZeXIEkea-71qn1kwtrMd8OlquZPz5RYg.pbjNWYts8PZ7HZHHrYsq-PdH1drpjC14KF3eiDjxspAg.PNG/image_9727124541613634747840.png?type=w1200,-613,313
423,메이앤준,메이앤준 스피드맥스 슬림 오버나이트 날개형,https://post-phinf.pstatic.net/MjAyMTAyMThfMTU4/MDAxNjEzNjM0NTM2MDA1.iI6taaXo9Ilfzjyw0rawbVKgo2uzttDbsaDOQeyT4psg.1qbZkrEJTSQzWKqQ7wvr_X0QjU4rS012U2u7JHet0Ksg.PNG/image_7813754901613634517233.png?type=w1200,-95,168
424,순면,순면 본 생리대 대형,https://post-phinf.pstatic.net/MjAyMTAyMThfMTU3/MDAxNjEzNjM0MzI0NDYz.zp5_D3RH8ELMNvWYFtqpIjKcMK2sylRUSRLCTUrUxOcg.IWyZ7bPgs7soOvat2QVxgWpBYIxcjMauTULjaTdGvNAg.PNG/sss.PNG?type=w1200,-301,236
425,순면,순면 본 생리대 슈퍼롱,https://post-phinf.pstatic.net/MjAyMTAyMThfMTc4/MDAxNjEzNjM0MTY2ODQ1.r_xq7XrceNlpHHyS4z_2cVtEvPLxTdfBrEUKjrSC6CIg.LeUSMHzDOW3TOrRUAiX--7w9q9UBauakyRkvJXlGjvsg.JPEG/unnamed_%282%29.jpg?type=w1200,-1551,392
426,순면,순면 본 생리대 오버나이트,https://post-phinf.pstatic.net/MjAyMTAyMThfMjIy/MDAxNjEzNjMzOTc4OTM0.WeeGP_W5II_jo0smFT6zk5MjNLmz0uwEcwnxYgC4uYcg.12tcKXEYUjbtD4XNyA4nWsZvdHVptPasz5XnHRQzgycg.PNG/ddd.PNG?type=w1200,-614,314
427,순면,순면 본 생리대 소형,https://post-phinf.pstatic.net/MjAyMTAyMThfMTQ5/MDAxNjEzNjMzNzIxNTk3.MJQ72MBUAeI3cbUZj8JaLaA-66-9zmFROf2p1EiPgngg.xuEGeyswSQoAgR68gzs9uUqQDjKUR3DDke7CrY7O53wg.PNG/jj.PNG?type=w1200,-155,185
428,그날엔순면,그날엔순면 오버나이트 오닉,https://post-phinf.pstatic.net/MjAyMTAyMThfNDAg/MDAxNjEzNjMzNTUxMzQ0.9xejEQmwO4--dfNoAo2ma3D7hLR5pJlCzpPvidzEEGEg.ukEWI8zyZbCbaSeR1yWw7MTMY5nxse9OL5CxyZScC9og.JPEG/unnamed_%281%29.jpg?type=w1200,-582,304
429,예지미인,예지미인 데일리코튼 중형,https://post-phinf.pstatic.net/MjAyMTAyMThfMTkw/MDAxNjEzNjMzMzI5Nzc3.YUWmSdF7lYFmAmNkXrGuyTWYY1gIadapnknjLMYi9pog.ImTVEq65Jq8EY_Vl09mjE224f2M-xCd4oSSio7tNh5Qg.JPEG/unnamed.jpg?type=w1200,-47,149
430,더뷰티드,더뷰티드 생리대 소중형,https://post-phinf.pstatic.net/MjAyMTAyMThfMjMw/MDAxNjEzNjMzMTM1MDYz.T6VPZ8h7xtob9-dFK0QB8UIUr7zxo_BCHMfx39Gm898g.LdFSm3sgH3UGh8086ffTe_v2GgcbUkFGnZwC1EX-4y0g.PNG/ghg.PNG?type=w1200,-353,251
431,본골드,본골드 슬림 오버나이트,https://post-phinf.pstatic.net/MjAyMTAyMThfMjk0/MDAxNjEzNjMyNDc0MTM3.xNsAdwTPHkp7B0RpDragU7sTfM4E35ovRvH6BR5aMVgg.PEfkVSlX_KEApNPFTnxEvpmPzMi76u7JlqAdFWZqNTAg.PNG/dd.PNG?type=w1200,-162,188
432,블루블루,블루블루 슈퍼롱 오버나이트 날개형,https://post-phinf.pstatic.net/MjAyMTAzMTdfMTQ5/MDAxNjE1OTY0Njc5NjYz.tsRwRTzDa9gtBp3PyfChdcHnhnn7B3UKi74BRZ9YfbQg.PFyskUOu81mR21pNLdAdcM_1jXwyxk8D0zweMT140Q4g.JPEG/image_2076372691615964446094.jpg?type=w1200,-357,254
433,본프라임,본프라임 대형,https://post-phinf.pstatic.net/MjAyMTAyMThfMjk0/MDAxNjEzNjMxOTAwMzcy.JUkDG5-6F1INLIzQB_l1sOFK0tPpwgXlDPnGwDJYo3Yg.FU1xqrS73QhbDDi3YFWl5v1qCEYTzMczQzMXQGzHajYg.PNG/d.PNG?type=w1200,-209,210
434,잇츠미,잇츠미 퓨어앤핏 중형,https://post-phinf.pstatic.net/MjAyMTAyMThfNTEg/MDAxNjEzNjMxNjY1Nzkz.szVcTzm1qiOCFS9qeCOptTty_p1Iz0BXXTTk5pN5fVYg.MyVIybI-X5L5R84Bp03aVMAuILnqVubpF7ZWBBhoRKYg.PNG/4.PNG?type=w1200,32,121
435,잇츠미,잇츠미 퓨어앤핏 슈퍼롱,https://post-phinf.pstatic.net/MjAyMTAyMThfMjk5/MDAxNjEzNjMxMzU1NDkx.-Z_QxxVw3sYiSBYsS6K95Jfrbbh2K-LWvmmi6cD3sLYg.-Vey4Ks2zKSZWs91om4f5LhvsV_w97DlpjIvHBLbPXYg.PNG/2.PNG?type=w1200,-186,197
436,루나미,루나미 소프트 오버나이트,https://post-phinf.pstatic.net/MjAyMTAyMThfMjA4/MDAxNjEzNjMwNzcwNTcz.2GLwHTtF6sohxNLvhrcFvA6sWyR8wAoyFvqqbCbh-eEg.oiwioVC_f0MBMg_yt-90a9GuSc9W8TxzksK8MpVybk8g.JPEG/image_7838615691613630751516.jpg?type=w1200,-192,202
437,엘마,엘마 중형,https://post-phinf.pstatic.net/MjAyMTAyMThfMjA1/MDAxNjEzNjMwMjIwMjcy.m1FKNLVEh3POA4eyaBQ7fvZOMqp_xBRZFR36gu1KBK4g.ma38_u6st0h72uiJmte0UuOnldMqGnDrVnh1MdgYtQcg.PNG/%EC%BA%A1%EC%B2%981.PNG?type=w1200,72,93
438,별난여자,별난여자 슈퍼울트라 슬림 중형,https://post-phinf.pstatic.net/MjAyMTAyMThfMjg5/MDAxNjEzNjI5NDU0NDg2.8XyHSMjFcmbnMUIBxz_7eKqdW7QsZY0LGUdBAsIMykMg.oD1LiFbviSYqAsdQHHOaqruWDrzjIsf0zxte4TJijOIg.JPEG/%EB%8B%A4%EC%9A%B4%EB%A1%9C%EB%93%9C.jpg?type=w1200,117,50
439,네오시스,네오시스 수애향 슬림 오버나이트 날개형,https://post-phinf.pstatic.net/MjAyMTAyMThfMTgg/MDAxNjEzNjI4NzQ2Mzgy.iNVDae8o8kiNjtsEvKeL8Th_ojQ5LRHcoh0YrZZ5EXIg.gD8pOnnOev15AVbP1je2rvehDHriY9E1mEal4qdaa84g.PNG/%EC%BA%A1%EC%B2%98.PNG?type=w1200,-204,209
440,별난여자,별난여자 슈퍼울트라 슬림 오버나이트,https://post-phinf.pstatic.net/MjAyMTAyMThfMjUx/MDAxNjEzNjI3NDg0NjUx.OJh3AANNrqFzhj2pSsogkGksmgreczaY5QATZyY_mS0g.CBGqmrTbQHSNLPUrqsn66q2l3hHgXuHz72y4f0ZWb8wg.JPEG/%EB%8B%A4%EB%A5%BC%EB%B3%84.jpg?type=w1200,-57,153
441,한나패드,한나패드 중형,https://post-phinf.pstatic.net/MjAyMTAyMThfMjEy/MDAxNjEzNjI3NDA5ODM1.UrBSZ85E1K_xx3HLUwFCSxUvBGYOmhQ0Nj4KvvOdR7Ig.zX37Irvc2HwQSuZszCX50aU1MVJ49Y0P2trAaHfoCgEg.PNG/image.png?type=w1200,-203,207
442,라네이처,라네이처 시그니처 맥시슬림 중형 날개형-Lanature signature,https://post-phinf.pstatic.net/MjAyMTAyMThfOTkg/MDAxNjEzNjI2NzUzMDIx.NMIbidC7GNuK2stWvAsXz8GyVExRLAdR2TeBJHivBqIg.vK1nIsvYO-WjtbVcdHsiwoVt78CxXaxxq6dtQFFsFbwg.JPEG/image_2279028481613624975803.jpg?type=w1200,-997,348
